FRAGMENT_ID,FRAGMENT_EXACTMASS,FRAGMENT_FORMULA,FRAGMENT_DESCRIPTION,charge,radical,SMILES,INCHI,INCHIKEY
1,68.9958,CF3,trifluoromethanide,-1,1,F[C-](F)F,InChI=1S/CF3/c2-1(3)4/q-1,NYKUFCUBMAFLFF-UHFFFAOYSA-N
2,79.9579,SO3,sulfonate (oxido(dioxo)-?6-sulfanyl) radical,-1,0,[O-]S(=O)=O,"InChI=1S/HO3S/c1-4(2)3/h(H,1,2,3)/p-1",IYLJUMIQCMKJHF-UHFFFAOYSA-M
3,98.9558,SO3F,sulfurofluoridate,-1,0,[O-]S(F)(=O)=O,"InChI=1S/FHO3S/c1-5(2,3)4/h(H,2,3,4)/p-1",UQSQSQZYBQSBJZ-UHFFFAOYSA-M
4,118.9926,C2F5,"1,1,2,2,2-pentafluoroethan-1-ide",-1,1,F[C-](F)C(F)(F)F,"InChI=1S/C2F5/c3-1(4)2(5,6)7/q-1",ADQIVSCGHADPRK-UHFFFAOYSA-N
5,148.9531,CF3SO3,difluoromethanesulfonate,1,1,FC(F)S([O-])(=O)=O,"InChI=1S/CHF2O3S/c2-1(3)7(4,5)6/h(H,4,5,6)/p-1",OOIKVQWOOLNFPY-UHFFFAOYSA-M
6,168.9894,C3F7,"1,1,2,2,3,3,3-heptafluoropropan-1-ide",-1,1,F[C-](F)C(F)(F)C(F)(F)F,"InChI=1S/C3F7/c4-1(5)2(6,7)3(8,9)10/q-1","InChI=1S/C3F7/c4-1(5)2(6,7)3(8,9)10/q-1"
7,179.9515,C2F4SO3,"1,1,2,2-tetrafluoroethane-1-sulfonate",1,1,FC(F)C(F)(F)S([O-])(=O)=O,"InChI=1S/C2HF4O3S/c3-1(4)2(5,6)10(7,8)9/h(H,7,8,9)/p-1",WJWZCGQRFLQQSO-UHFFFAOYSA-M
8,218.9862,C4F9,"1,1,2,2,3,3,4,4,4-nonafluorobutan-1-ide",1,1,FC(F)([C-](F)F)C(F)(F)C(F)(F)F,"InChI=1S/C4F9/c5-1(6)2(7,8)3(9,10)4(11,12)13/q-1",XMSMVNGDXHCAIN-UHFFFAOYSA-N
9,229.9483,C3F6SO3,"1,1,2,2,3,3-hexafluoropropane-1-sulfonate",-1,1,FC(F)(C(F)F)C(F)(F)S([O-])(=O)=O,"InChI=1S/C3HF6O3S/c4-1(5)2(6,7)3(8,9)13(10,11)12/h(H,10,11,12)/p-1",LOZXWHMJUDLAOH-UHFFFAOYSA-M
10,268.983,C5F11,"1,1,2,2,3,3,4,4,5,5,5-undecafluoropentan-1-ide",1,1,FC(F)(C(F)(F)C(F)(F)F)C(F)(F)[C-](F)F,"InChI=1S/C5F11/c6-1(7)2(8,9)3(10,11)4(12,13)5(14,15)16/q-1",GZVMGGHPRNZYPX-UHFFFAOYSA-N
11,279.9451,C4F8SO3,"1,1,2,2,3,3,4,4-octafluorobutane-1-sulfonate",1,0,FC(F)(C(F)(F)S([O-])(=O)=O)C(F)(F)C(F)F,"InChI=1S/C4HF8O3S/c5-1(6)2(7,8)3(9,10)4(11,12)16(13,14)15/h(H,13,14,15)/p-1",GALSBEPEEYHFAH-UHFFFAOYSA-M
12,318.9798,C6F13,"1,1,2,2,3,3,4,4,5,5,6,6,6-tridecafluorohexan-1-ide",1,0,FC(F)(C(F)(F)C(F)(F)F)C(F)(F)C(F)(F)[C-](F)F,"InChI=1S/C6F13/c7-1(8)2(9,10)3(11,12)4(13,14)5(15,16)6(17,18)19/q-1",LNCCDXKJZWSPNJ-UHFFFAOYSA-N
13,329.9419,C5F10SO3,"1,1,2,2,3,3,4,4,5,5-decafluoropentane-1-sulfonate",1,0,FC(F)(C(F)(F)S([O-])(=O)=O)C(F)(F)C(F)(F)C(F)F,"InChI=1S/C5HF10O3S/c6-1(7)2(8,9)3(10,11)4(12,13)5(14,15)19(16,17)18/h(H,16,17,18)/p-1",KFUVXNKYAKCSGC-UHFFFAOYSA-M
14,368.9766,C7F15,"1,1,2,2,3,3,4,4,5,5,6,6,7,7,7-pentadecafluoroheptan-1-ide",-1,1,FC(F)(C(F)(F)C(F)(F)F)C(F)(F)C(F)(F)C(F)(F)[C-](F)F,"InChI=1S/C7F15/c8-1(9)2(10,11)3(12,13)4(14,15)5(16,17)6(18,19)7(20,21)22/q-1",ALVSLIGXOWPIRL-UHFFFAOYSA-N
15,379.9387,C6F12SO3,"1,1,2,2,3,3,4,4,5,5,6,6-dodecafluorohexane-1-sulfonate",-1,0,FC(F)(C(F)(F)S([O-])(=O)=O)C(F)(F)C(F)(F)C(F)(F)C(F)F,"InChI=1S/C6HF12O3S/c7-1(8)2(9,10)3(11,12)4(13,14)5(15,16)6(17,18)22(19,20)21/h(H,19,20,21)/p-1",LFELKXAXFBYXBI-UHFFFAOYSA-M
16,418.9734,C8F17,"1,1,2,2,3,3,4,4,5,5,6,6,7,7,8,8,8-heptadecafluorooctan-1-ide",1,0,FC(F)(C(F)(F)C(F)(F)F)C(F)(F)C(F)(F)C(F)(F)C(F)(F)[C-](F)F,"InChI=1S/C8F17/c9-1(10)2(11,12)3(13,14)4(15,16)5(17,18)6(19,20)7(21,22)8(23,24)25/q-1",PTAFHQYLQZVKPD-UHFFFAOYSA-N
17,59.0139,C2H3O2,2-hydroxyethen-1-olate,-1,1,[O-]\C=C\O,InChI=1S/C2H4O2/c3-1-2-4/h1-4H/p-1/b2-1+,JMCRDEBJJPRTPV-OWOJBTEDSA-M
18,77.9655,NO2S,(dioxo-?6-sulfanylidene)azanide,-1,0,[N-]=S(=O)=O,InChI=1S/NO2S/c1-4(2)3/q-1,IZYYKBAPHIOVKV-UHFFFAOYSA-N
19,80.9652,HO3S,hydrogen sulfite,1,1,[O-]S(=O)O,"InChI=1S/H2O3S/c1-4(2)3/h(H2,1,2,3)/p-1",LSNNMFCWUKXFEE-UHFFFAOYSA-M
20,82.9609,FO2S,sulfurofluoridoite,1,1,[O-]S(F)=O,"InChI=1S/FHO2S/c1-4(2)3/h(H,2,3)/p-1",HMKJMFKGFGKCPL-UHFFFAOYSA-M
21,94.9808,CH3O3S,methanesulfonate,1,0,[O-]S(C)(=O)=O,"InChI=1S/CH4O3S/c1-5(2,3)4/h1H3,(H,2,3,4)/p-1",AFVFQIVMOAPDHO-UHFFFAOYSA-M
22,122.9758,C2H3O4S,2-oxoethane-1-sulfonate,-1,0,[O-]S(=O)(=O)CC=O,"InChI=1S/C2H4O4S/c3-1-2-7(4,5)6/h1H,2H2,(H,4,5,6)/p-1",JTJIXCMSHWPJJE-UHFFFAOYSA-M
23,126.9646,F5S,pentafluorosulfur,-1,0,FS(F)(F)(F)F,NA,NA
24,129.9547,CF2O3S,difluoro(sulfonato)methyl,1,0,FC(F)S([O-])(=O)=O,"InChI=1S/CHF2O3S/c2-1(3)7(4,5)6/h(H,4,5,6)/p-1",OOIKVQWOOLNFPY-UHFFFAOYSA-M
25,130.9926,C3F5,"1,2,3,3,3-pentafluoroprop-1-en-1-ide",-1,0,F\[C-]=C(\F)C(F)(F)F,"InChI=1S/C3F5/c4-1-2(5)3(6,7)8/q-1",FMBUBALTACTALL-UHFFFAOYSA-N
26,136.9914,C3H5O4S,3-(dioxo-?6-sulfanyl)propanoate,1,0,[O-]C(=O)CCS(=O)=O,"InChI=1S/C3H6O4S/c4-3(5)1-2-8(6)7/h8H,1-2H2,(H,4,5)/p-1",CFKSYIQWOMQBPE-UHFFFAOYSA-M
27,142.9926,C4F5,"1,2,3,4,5,5,5-heptafluoropenta-1,3-dien-1-ide",1,0,F/C(/C(/F)=[C-]\F)=C(/F)C(F)(F)F,"InChI=1S/C5F7/c6-1-2(7)3(8)4(9)5(10,11)12/q-1/b4-3+",AFBJVCASIOLTSK-ONEGZZNKSA-N
28,163.0547,C5H11N2O2S,[3-(dimethylamino)propylidene]sulfuramidoite,1,0,[O-]S(=O)\N=C\CCN(C)C,"InChI=1S/C5H12N2O2S/c1-7(2)5-3-4-6-10(8)9/h4H,3,5H2,1-2H3,(H,8,9)/p-1/b6-4+",PNBQFKZYHNCNPP-GQCTYLIASA-M
29,166.0543,C5H12NO3S,3-(dimethylamino)propane-1-sulfonate,1,1,[O-]S(=O)(=O)CCCN(C)C,"InChI=1S/C5H13NO3S/c1-6(2)4-3-5-10(7,8)9/h3-5H2,1-2H3,(H,7,8,9)/p-1",GYJNVSAUBGJVLV-UHFFFAOYSA-M
30,179.9515,C2F4O3S,"1,1,2,2-tetrafluoro-2-sulfonatoethyl",1,1,FC(F)C(F)(F)S([O-])(=O)=O,"InChI=1S/C2HF4O3S/c3-1(4)2(5,6)10(7,8)9/h(H,7,8,9)/p-1",WJWZCGQRFLQQSO-UHFFFAOYSA-M
31,180.9894,C4F7,"1,1,2,3,4,4,4-heptafluorobut-2-en-1-ide",1,0,F/C([C-](F)F)=C(/F)C(F)(F)F,"InChI=1S/C4F7/c5-1(3(7)8)2(6)4(9,10)11/q-1/b2-1+",TYTCYFUPFKBTJI-OWOJBTEDSA-N
32,182.0493,C5H12NO4S,3-(dimethylamino)-2-hydroxypropane-1-sulfonate,1,1,[O-]S(=O)(=O)CC(O)CN(C)C,"InChI=1S/C5H13NO4S/c1-6(2)3-5(7)4-11(8,9)10/h5,7H,3-4H2,1-2H3,(H,8,9,10)/p-1",WCSAPKHLAQFSIW-UHFFFAOYSA-M
33,183.0609,C5H12FN2O2S,[2-(dimethylamino)ethyl]sulfurofluoridimidate,-1,1,[O-]S(F)(=O)=NCCN(C)C,"InChI=1S/C4H11FN2O2S/c1-7(2)4-3-6-10(5,8)9/h3-4H2,1-2H3,(H,6,8,9)/p-1",JUFKDWOIFFSNPO-UHFFFAOYSA-M
34,192.9894,C5F7,"1,2,3,4,5,5,5-heptafluoropenta-1,3-dien-1-ide",-1,1,F/C(/C(/F)=[C-]\F)=C(/F)C(F)(F)F,"InChI=1S/C5F7/c6-1-2(7)3(8)4(9)5(10,11)12/q-1/b4-3+",AFBJVCASIOLTSK-ONEGZZNKSA-N
35,197.0771,C6H14FN2O2S,unknown,1,0,NA,NA,NA
36,216.9894,C7F7,"1,3,4,5,6,7,7-heptafluorohepta-1,2,4,6-tetraen-1-ide",-1,0,F\C(=C(\F)C(\F)=C(/F)F)\C(\F)=C=[C-]\F,InChI=1S/C7F7/c8-2-1-3(9)4(10)5(11)6(12)7(13)14/q-1/b5-4+,NJZYUXIQXYXDRL-SNAWJCMRSA-N
37,229.9483,C3F6O3S,"1,1,2,2,3,3-hexafluoro-3-sulfonatopropyl",-1,1,FC(F)(C(F)F)C(F)(F)S([O-])(=O)=O,"InChI=1S/C3HF6O3S/c4-1(5)2(6,7)3(8,9)13(10,11)12/h(H,10,11,12)/p-1",LOZXWHMJUDLAOH-UHFFFAOYSA-M
38,242.9862,C6F9,"1,1,2,3,4,5,6,6,6-nonafluorohexa-2,4-dien-1-ide",-1,0,F/C(C(\F)=C(\F)[C-](F)F)=C(/F)C(F)(F)F,"InChI=1S/C6F9/c7-1(3(9)5(11)12)2(8)4(10)6(13,14)15/q-1/b3-1+,4-2+",MFOGDHCZQFZSBL-ZPUQHVIOSA-N
39,254.9862,C7F9,"1,1,2,3,4,5,6,7,7-nonafluorohepta-2,4,6-trien-1-ide",-1,0,F\C(=C(/F)\C(\F)=C(\F)F)C(/F)=C(/F)[C-](F)F,"InChI=1S/C7F9/c8-1(2(9)4(11)6(13)14)3(10)5(12)7(15)16/q-1/b2-1-,5-3-",UXMSGNIAPCBQJS-NWJCXACMSA-N
40,266.9862,C8F9,"1,2,3,4,5,6,7,8,8-nonafluoroocta-1,3,5,7-tetraen-1-ide",-1,0,F\C(=C(/F)\C(\F)=C(/F)F)\C(\F)=C(/F)\C(\F)=[C-]\F,"InChI=1S/C8F9/c9-1-2(10)3(11)4(12)5(13)6(14)7(15)8(16)17/q-1/b4-3-,6-5-",VPMRHDZLYAVZNW-OUPQRBNQSA-N
41,279.9451,C4F8O3S,"1,1,2,2,3,3,4,4-octafluoro-4-sulfonatobutyl",1,1,FC(F)(C(F)(F)S([O-])(=O)=O)C(F)(F)C(F)F,"InChI=1S/C4HF8O3S/c5-1(6)2(7,8)3(9,10)4(11,12)16(13,14)15/h(H,13,14,15)/p-1",GALSBEPEEYHFAH-UHFFFAOYSA-M
42,280.983,C6F11,"1,1,2,2,3,3,4,4,5,6,6-undecafluorohex-5-en-1-ide",-1,0,FC(F)(C(/F)=C(\F)F)C(F)(F)C(F)(F)[C-](F)F,"InChI=1S/C6F11/c7-1(2(8)9)4(12,13)6(16,17)5(14,15)3(10)11/q-1",VXTILDIYPRYTOJ-UHFFFAOYSA-N
43,282.9833,C8H3F8S,"(4Z)-5,6,6,7,7,8,8,8-octafluoroocta-1,2,4-triene-1-thiolate",1,1,FC(F)(C(\F)=C\C=C=C\[S-])C(F)(F)C(F)(F)F,"InChI=1S/C8H4F8S/c9-5(3-1-2-4-17)6(10,11)7(12,13)8(14,15)16/h1,3-4,17H/p-1/b5-3-",BILSWFXQGVOZLA-HYXAFXHYSA-M
44,286.9924,C8HF10,"1,2,3,4,5,6,7,8,8,8-decafluoroocta-2,4,6-trien-1-ide",1,0,F/C(C(\F)=C(\F)C(\F)=C(/F)[CH-]F)=C(\F)C(F)(F)F,"InChI=1S/C8HF10/c9-1-2(10)3(11)4(12)5(13)6(14)7(15)8(16,17)18/h1H/q-1/b3-2+,5-4-,7-6-",XDGZMAWLYHQYFG-BFLHYJCASA-N
45,292.983,C7F11,"1,1,2,2,3,4,5,6,7,7,7-undecafluorohepta-3,5-dien-1-ide",1,0,F/C(C(\F)=C(\F)C(F)(F)[C-](F)F)=C(\F)C(F)(F)F,"InChI=1S/C7F11/c8-1(2(9)4(11)7(16,17)18)3(10)6(14,15)5(12)13/q-1/b3-1-,4-2-",COIOOYFHJBCADE-CCAGOZQPSA-N
46,329.9419,C5F10O3S,"1,1,2,2,3,3,4,4,5,5-decafluoro-5-sulfonatopentyl",1,0,FC(F)(C(F)(F)S([O-])(=O)=O)C(F)(F)C(F)(F)C(F)F,"InChI=1S/C5HF10O3S/c6-1(7)2(8,9)3(10,11)4(12,13)5(14,15)19(16,17)18/h(H,16,17,18)/p-1",KFUVXNKYAKCSGC-UHFFFAOYSA-M
47,330.9798,C7F13,"1,1,2,2,3,3,4,4,5,6,7,7,7-tridecafluorohept-5-en-1-ide",1,0,F\C(=C(\F)C(F)(F)F)C(F)(F)C(F)(F)C(F)(F)[C-](F)F,"InChI=1S/C7F13/c8-1(2(9)6(16,17)18)4(12,13)7(19,20)5(14,15)3(10)11/q-1/b2-1+",XRHLKDFTUCZWON-OWOJBTEDSA-N
48,342.9798,C8F13,"1,1,2,2,3,3,4,5,6,7,8,8,8-tridecafluoroocta-4,6-dien-1-ide",1,0,F/C(C(\F)=C(\F)C(F)(F)C(F)(F)[C-](F)F)=C(\F)C(F)(F)F,"InChI=1S/C8F13/c9-1(2(10)4(12)8(19,20)21)3(11)6(15,16)7(17,18)5(13)14/q-1/b3-1+,4-2+",LSVUCLRPIUMUAM-ZPUQHVIOSA-N
49,379.9387,C6F12O3S,"1,1,2,2,3,3,4,4,5,5-decafluoro-5-sulfonatopentyl",1,0,FC(F)(C(F)(F)S([O-])(=O)=O)C(F)(F)C(F)(F)C(F)(F)C(F)F,"InChI=1S/C6HF12O3S/c7-1(8)2(9,10)3(11,12)4(13,14)5(15,16)6(17,18)22(19,20)21/h(H,19,20,21)/p-1",LFELKXAXFBYXBI-UHFFFAOYSA-M
50,380.9766,C8F15,"1,1,2,2,3,3,4,5,6,6,7,7,8,8,8-pentadecafluorooct-4-en-1-ide",1,0,FC(F)(C(\F)=C(\F)C(F)(F)C(F)(F)[C-](F)F)C(F)(F)C(F)(F)F,"InChI=1S/C8F15/c9-1(4(13,14)6(17,18)3(11)12)2(10)5(15,16)7(19,20)8(21,22)23/q-1/b2-1-",MLJJPBZHRHUMBC-UPHRSURJSA-N
51,394.9758,C8HF14O2,"2,3,3,4,4,5,5,6,6,7,7,8,8,8-tetradecafluorooctanoate",1,1,FC(F)(C(F)C([O-])=O)C(F)(F)C(F)(F)C(F)(F)C(F)(F)C(F)(F)F,"InChI=1S/C8H2F14O2/c9-1(2(23)24)3(10,11)4(12,13)5(14,15)6(16,17)7(18,19)8(20,21)22/h1H,(H,23,24)/p-1",CLSJUWFCSPJRFC-UHFFFAOYSA-M
52,397.9526,C6HF13NO2S,"1,1,2,2,3,3,4,4,5,5,6,6,6-tridecafluorohexane-1-sulfonimidate",1,1,FC(F)(C(F)(F)S([O-])(=N)=O)C(F)(F)C(F)(F)C(F)(F)C(F)(F)F,"InChI=1S/C6H2F13NO2S/c7-1(8,3(11,12)5(15,16)17)2(9,10)4(13,14)6(18,19)23(20,21)22/h(H2,20,21,22)/p-1",WDZLGCSJJWEQJO-UHFFFAOYSA-M
53,402.9504,C8H2F11O4S,"2,3,3,4,4,5,5,6,8,8,8-undecafluoro-1-hydroxyocta-1,6-diene-1-sulfonate",-1,0,F\C(=C(\O)S([O-])(=O)=O)C(F)(F)C(F)(F)C(F)(F)C(/F)=C/C(F)(F)F,"InChI=1S/C8H3F11O4S/c9-2(1-5(11,12)13)6(14,15)8(18,19)7(16,17)3(10)4(20)24(21,22)23/h1,20H,(H,21,22,23)/p-1/b2-1-,4-3-",WNGAKSQGIDNLMY-LOKDLIDFSA-M
54,410.9366,C7F13O3S,"1,1,2,2,3,3,4,4,5,5,6,7,7-tridecafluorohept-6-ene-1-sulfonate",-1,0,FC(F)(C(F)(F)S([O-])(=O)=O)C(F)(F)C(F)(F)C(F)(F)C(/F)=C(/F)F,"InChI=1S/C7HF13O3S/c8-1(2(9)10)3(11,12)4(13,14)5(15,16)6(17,18)7(19,20)24(21,22)23/h(H,21,22,23)/p-1",LUEFCYCPPJWQPE-UHFFFAOYSA-M
55,422.9366,C8F13O3S,"1,1,2,2,3,3,4,5,6,7,8,8,8-tridecafluoroocta-4,6-diene-1-sulfonate",1,0,FC(F)(C(F)(F)S([O-])(=O)=O)C(F)(F)C(\F)=C(/F)C(/F)=C(\F)C(F)(F)F,"InChI=1S/C8HF13O3S/c9-1(2(10)4(12)6(15,16)17)3(11)5(13,14)7(18,19)8(20,21)25(22,23)24/h(H,22,23,24)/p-1/b3-1+,4-2+",DCAIAXSEPFERQK-ZPUQHVIOSA-M
56,424.9523,C8H2F13O3S,"3,3,4,4,5,5,6,6,7,7,8,8,8-tridecafluorooct-1-ene-1-sulfonate",-1,1,FC(F)(/C=C/S([O-])(=O)=O)C(F)(F)C(F)(F)C(F)(F)C(F)(F)C(F)(F)F,"InChI=1S/C8H3F13O3S/c9-3(10,1-2-25(22,23)24)4(11,12)5(13,14)6(15,16)7(17,18)8(19,20)21/h1-2H,(H,22,23,24)/p-1/b2-1+",DPLOQFIHXVSMMN-OWOJBTEDSA-M
57,437.9839,C9H5F13NO2S,"1,1,2,2,3,3,4,4,5,5,6,6,6-tridecafluoro-N-(prop-2-en-1-yl)hexane-1-sulfonimidate",1,0,[O-]S(=O)(=NCC=C)C(F)(F)C(F)(F)C(F)(F)C(F)(F)C(F)(F)C(F)(F)F,"InChI=1S/C9H6F13NO2S/c1-2-3-23-26(24,25)9(21,22)7(16,17)5(12,13)4(10,11)6(14,15)8(18,19)20/h2H,1,3H2,(H,23,24,25)/p-1",YQAWJNHJOCKERE-UHFFFAOYSA-M
58,442.9428,C8HF14O3S,"1,1,2,2,3,3,4,4,5,6,7,8,8,8-tetradecafluorooct-6-ene-1-sulfonate",-1,1,FC(F)(C(F)(F)S([O-])(=O)=O)C(F)(F)C(F)(F)C(F)C(/F)=C(\F)C(F)(F)F,"InChI=1S/C8H2F14O3S/c9-1(3(11)5(14,15)16)2(10)4(12,13)6(17,18)7(19,20)8(21,22)26(23,24)25/h2H,(H,23,24,25)/p-1/b3-1+",WEEMQFRPHLWROF-HNQUOIGGSA-M
59,442.9628,C8H4F13O4S,"3,3,4,4,5,5,6,6,7,7,8,8,8-tridecafluoro-2-hydroxyoctane-1-sulfonate",-1,0,FC(F)(C(O)CS([O-])(=O)=O)C(F)(F)C(F)(F)C(F)(F)C(F)(F)C(F)(F)F,"InChI=1S/C8H5F13O4S/c9-3(10,2(22)1-26(23,24)25)4(11,12)5(13,14)6(15,16)7(17,18)8(19,20)21/h2,22H,1H2,(H,23,24,25)/p-1",HIURNVGOZFXYRH-UHFFFAOYSA-M
60,460.9334,C8F15O3S,"1,1,2,2,3,3,4,4,5,5,6,7,8,8,8-pentadecafluorooct-6-ene-1-sulfonate",-1,0,FC(F)(C(F)(F)S([O-])(=O)=O)C(F)(F)C(F)(F)C(F)(F)C(/F)=C(\F)C(F)(F)F,"InChI=1S/C8HF15O3S/c9-1(2(10)4(13,14)15)3(11,12)5(16,17)6(18,19)7(20,21)8(22,23)27(24,25)26/h(H,24,25,26)/p-1/b2-1+",OMZKAGKELPONGJ-OWOJBTEDSA-M
61,462.9491,C8H2F15O3S,"1,1,2,2,3,3,4,4,5,5,6,7,8,8,8-pentadecafluorooctane-1-sulfonate",1,0,FC(F)(C(F)(F)S([O-])(=O)=O)C(F)(F)C(F)(F)C(F)(F)C(F)C(F)C(F)(F)F,"InChI=1S/C8H3F15O3S/c9-1(2(10)4(13,14)15)3(11,12)5(16,17)6(18,19)7(20,21)8(22,23)27(24,25)26/h1-2H,(H,24,25,26)/p-1",NMACUBGKSKIKSJ-UHFFFAOYSA-M
62,479.9324,C8F16O3S,"1,1,2,2,3,3,4,4,5,5,6,6,7,7,8,8-hexadecafluoro-8-sulfonatooctyl",1,1,FC(F)(C(F)(F)S([O-])(=O)=O)C(F)(F)C(F)(F)C(F)(F)C(F)(F)C(F)(F)C(F)F,"InChI=1S/C8HF16O3S/c9-1(10)2(11,12)3(13,14)4(15,16)5(17,18)6(19,20)7(21,22)8(23,24)28(25,26)27/h(H,25,26,27)/p-1",NPSQOEZPSUBSBE-UHFFFAOYSA-M
63,480.9396,C8HF16O3S,"1,1,2,2,3,3,4,4,5,5,6,6,7,7,8,8-hexadecafluoro-8-sulfonatooctyl",-1,0,FC(F)(C(F)(F)S([O-])(=O)=O)C(F)(F)C(F)(F)C(F)(F)C(F)C(F)(F)C(F)(F)F,"InChI=1S/C8H2F16O3S/c9-1(3(12,13)7(20,21)22)2(10,11)4(14,15)5(16,17)6(18,19)8(23,24)28(25,26)27/h1H,(H,25,26,27)/p-1",XXMHPSZRHMGXLA-UHFFFAOYSA-M
64,482.9941,C11H8F13O4S,"3-(3,3,4,4,5,5,6,6,7,7,8,8,8-tridecafluorooctane-1-sulfonyl)propanoate",1,0,FC(F)(CCS(=O)(=O)CCC([O-])=O)C(F)(F)C(F)(F)C(F)(F)C(F)(F)C(F)(F)F,"InChI=1S/C11H9F13O4S/c12-6(13,2-4-29(27,28)3-1-5(25)26)7(14,15)8(16,17)9(18,19)10(20,21)11(22,23)24/h1-4H2,(H,25,26)/p-1",DJIXHYAJLARCOP-UHFFFAOYSA-M
65,483.0417,C11H12F13N2O2S,"N-[3-(dimethylamino)propyl]-1,1,2,2,3,3,4,4,5,5,6,6,6-tridecafluorohexane-1-sulfonimidate",-1,1,CN(C)CCCN=S(=O)([O-])C(F)(F)C(F)(F)C(F)(F)C(F)(F)C(F)(F)C(F)(F)F,"InChI=1S/C11H13F13N2O2S/c1-26(2)5-3-4-25-29(27,28)11(23,24)9(18,19)7(14,15)6(12,13)8(16,17)10(20,21)22/h3-5H2,1-2H3,(H,25,27,28)/p-1",REUFUYXSPAYARF-UHFFFAOYSA-M
66,497.0579,C12H14F13N2O2S,unknown,1,1,NA,NA,NA
67,513.0523,C12H14F13N2O3S,unknown,-1,1,NA,NA,NA
68,519.9564,C9H7F13NO5S2,"3-[(1,1,2,2,3,3,4,4,5,5,6,6,6-tridecafluorohexane-1-sulfonyl)amino]propane-1-sulfonate",1,0,O=S(=O)(NCCCS(=O)(=O)[O-])C(F)(F)C(F)(F)C(F)(F)C(F)(F)C(F)(F)C(F)(F)F,"InChI=1S/C9H8F13NO5S2/c10-4(11,6(14,15)8(18,19)20)5(12,13)7(16,17)9(21,22)30(27,28)23-2-1-3-29(24,25)26/h23H,1-3H2,(H,24,25,26)/p-1",IFYYQLFVVGOIPH-UHFFFAOYSA-M
69,520.9321,C8F19O2S,"2,2,3,3,4,4,5,5,6,6,7,7,8,8-tetradecafluoro-8-(pentafluoro-?6-sulfanyl)octanoate",1,1,FC(F)(C(F)(F)C(F)(F)C(F)(F)C(F)(F)C(F)(F)C(F)(F)C([O-])=O)S(F)(F)(F)(F)F,"InChI=1S/C8HF19O2S/c9-2(10,1(28)29)3(11,12)4(13,14)5(15,16)6(17,18)7(19,20)8(21,22)30(23,24,25,26)27/h(H,28,29)/p-1",AJBZTNALOBRIRR-UHFFFAOYSA-M
70,571.0942,C15H20F13N2O4S,unknown,-1,1,NA,NA,NA
71,587.0891,C15H20F13N2O5S,unknown,-1,1,NA,NA,NA
72,605.0455,C14H18F13N2O5S2,NA,1,0,[O-]S(=O)(=O)CCC[N+](C)(C)CCCN=S([O-])(=O)C(F)(F)C(F)(F)C(F)(F)C(F)(F)C(F)(F)C(F)(F)F,"InChI=1S/C14H19F13N2O5S2/c1-29(2,7-4-8-35(30,31)32)6-3-5-28-36(33,34)14(26,27)12(21,22)10(17,18)9(15,16)11(19,20)13(23,24)25/h3-8H2,1-2H3,(H-,28,30,31,32,33,34)/p-1",LWMBJMDPHJXJBE-UHFFFAOYSA-M
73,606.8959,C8F21O3S2,"1,1,2,2,3,3,4,4,5,5,6,6,7,7,8,8-hexadecafluoro-8-(pentafluoro-?6-sulfanyl)octane-1-sulfonate",-1,0,FC(F)(C(F)(F)C(F)(F)C(F)(F)C(F)(F)C(F)(F)C(F)(F)C(F)(F)S([O-])(=O)=O)S(F)(F)(F)(F)F,"InChI=1S/C8HF21O3S2/c9-1(10,3(13,14)5(17,18)7(21,22)33(30,31)32)2(11,12)4(15,16)6(19,20)8(23,24)34(25,26,27,28)29/h(H,30,31,32)/p-1",PTFLVXXNVSLTOC-UHFFFAOYSA-M
74,621.0404,C14H18F13N2O6S2,NA,-1,0,[O-]S(=O)(=O)CC(O)C[N+](C)(C)CCCN=S([O-])(=O)C(F)(F)C(F)(F)C(F)(F)C(F)(F)C(F)(F)C(F)(F)F,"InChI=1S/C14H19F13N2O6S2/c1-29(2,6-8(30)7-36(31,32)33)5-3-4-28-37(34,35)14(26,27)12(21,22)10(17,18)9(15,16)11(19,20)13(23,24)25/h8,30H,3-7H2,1-2H3,(H-,28,31,32,33,34,35)/p-1",XUKRYIXWIZWDHP-UHFFFAOYSA-M
75,663.051,C16H20F13N2O7S2,NA,-1,1,[O-]S(=O)(=O)CCC[N+](C)(C)CCCN(CC([O-])=O)S(=O)(=O)C(F)(F)C(F)(F)C(F)(F)C(F)(F)C(F)(F)C(F)(F)F,"InChI=1S/C16H21F13N2O7S2/c1-31(2,7-4-8-39(34,35)36)6-3-5-30(9-10(32)33)40(37,38)16(28,29)14(23,24)12(19,20)11(17,18)13(21,22)15(25,26)27/h3-9H2,1-2H3,(H-,32,33,34,35,36)/p-1",ULXXTBSQAWPGEP-UHFFFAOYSA-M
76,727.0493,C17H24F13N2O8S3,NA,-1,1,[O-]S(=O)(=O)CC(O)C[N+](C)(C)CCCN(CCCS([O-])(=O)=O)S(=O)(=O)C(F)(F)C(F)(F)C(F)(F)C(F)(F)C(F)(F)C(F)(F)F,"InChI=1S/C17H25F13N2O9S3/c1-32(2,9-11(33)10-43(37,38)39)7-3-5-31(6-4-8-42(34,35)36)44(40,41)17(29,30)15(24,25)13(20,21)12(18,19)14(22,23)16(26,27)28/h11,33H,3-10H2,1-2H3,(H-,34,35,36,37,38,39)/p-1",CADQHTPHJVOMQH-UHFFFAOYSA-M
77,759.0391,C17H24F13N2O10S3,NA,1,1,[O-]S(=O)(=O)CC(O)CN(CCC[N+](C)(C)CC(O)CS([O-])(=O)=O)S(=O)(=O)C(F)(F)C(F)(F)C(F)(F)C(F)(F)C(F)(F)C(F)(F)F,"InChI=1S/C17H25F13N2O10S3/c1-32(2,7-11(34)9-44(38,39)40)5-3-4-31(6-10(33)8-43(35,36)37)45(41,42)17(29,30)15(24,25)13(20,21)12(18,19)14(22,23)16(26,27)28/h10-11,33-34H,3-9H2,1-2H3,(H-,35,36,37,38,39,40)/p-1",HQILQIXAHVRCNF-UHFFFAOYSA-M
78,58.0651,C3H8N,"N,N-dimethylmethaniminium",-1,0,C=[N+](C)C,"InChI=1S/C3H8N/c1-4(2)3/h1H2,2-3H3/q+1",HYHSFFFCLDOXCJ-UHFFFAOYSA-N
79,59.0735,C3H9N,"N,N-dimethylmethanamine",-1,0,C[N+](C)C,InChI=1S/C3H9N/c1-4(2)3/h1-3H3/q+1,INXJOSXEHHMQQF-UHFFFAOYSA-N
80,60.0808,C3H10N,"N,N-dimethylmethanaminium",1,1,C[NH+](C)C,InChI=1S/C3H9N/c1-4(2)3/h1-3H3/p+1,GETQZCLCWQTVFV-UHFFFAOYSA-O
81,70.0651,C4H8N,N-ethenyl-N-methylmethaniminium,-1,1,C=C[N+](=C)C,"InChI=1S/C4H8N/c1-4-5(2)3/h4H,1-2H2,3H3/q+1",JXDMWZNCMAYHNB-UHFFFAOYSA-N
82,71.0735,C4H9N,2-{[(1Z)-ethylidene]azaniumyl}ethyl,1,1,C\C=[NH+]/CC,"InChI=1S/C4H8N/c1-3-5-4-2/h4H,1,3H2,2H3/p+1/b5-4-",BLOYVGUIUMZREW-PLNGDYQASA-O
83,72.0808,C4H10N,"N,N-dimethylethenaminium",-1,0,C=C[NH+](C)C,"InChI=1S/C4H9N/c1-4-5(2)3/h4H,1H2,2-3H3/p+1",NINOYJQVULROET-UHFFFAOYSA-O
84,73.0891,C4H11N,(trimethylazaniumyl)methyl,-1,1,C[N+](C)(C)C,"InChI=1S/C4H11N/c1-5(2,3)4/h1H2,2-4H3/q+1",ICMVWCDSYWPILR-UHFFFAOYSA-N
85,84.0808,C5H10N,N-methyl-N-(prop-2-en-1-yl)methaniminium,1,0,C=[N+](C)CC=C,"InChI=1S/C5H10N/c1-4-5-6(2)3/h4H,1-2,5H2,3H3/q+1",VANUGHFFEOAIOW-UHFFFAOYSA-N
86,85.0891,C5H11N,[ethenyl(dimethyl)azaniumyl]methyl,-1,0,C=C[N+](C)(C)C,"InChI=1S/C5H11N/c1-5-6(2,3)4/h5H,1-2H2,3-4H3/q+1",LCBRXUGRGGWIPL-UHFFFAOYSA-N
87,86.097,C5H12N,"N,N,N-trimethylethenaminium",-1,1,C=C[N+](C)(C)C,"InChI=1S/C5H12N/c1-5-6(2,3)4/h5H,1H2,2-4H3/q+1",PPJWCUOWPVSSSW-UHFFFAOYSA-N
88,87.1048,C5H13N,"N,N-dimethylethenaminium",1,1,CCC[NH+](C)C,"InChI=1S/C5H12N/c1-4-5-6(2)3/h1,4-5H2,2-3H3/p+1",DQWDROQREMIGLE-UHFFFAOYSA-O
89,90.0913,C4H12NO,"2-hydroxy-N,N-dimethylethan-1-aminium",1,1,C[NH+](C)CCO,"InChI=1S/C4H11NO/c1-5(2)3-4-6/h6H,3-4H2,1-2H3/p+1",UEEJHVSXFDXPFK-UHFFFAOYSA-O
90,98.0964,C6H12N,"N-ethenyl-N,N-dimethylethenaminium",1,0,C[NH+](C)CCO,"InChI=1S/C6H12N/c1-5-7(3,4)6-2/h5-6H,1-2H2,3-4H3/q+1",YTRPDSQEPGIYIP-UHFFFAOYSA-N
91,99.0917,C5H11N2,"3-imino-N,N-dimethylpropan-1-iminium",1,0,C/[N+](C)=C\CC=N,"InChI=1S/C5H11N2/c1-7(2)5-3-4-6/h4-6H,3H2,1-2H3/q+1",PXEJHJUKEHNREH-UHFFFAOYSA-N
92,102.0913,C5H12NO,N-(2-hydroxypropyl)-N-methylmethaniminium,-1,0,C=[N+](C)CC(C)O,"InChI=1S/C5H12NO/c1-5(7)4-6(2)3/h5,7H,2,4H2,1,3H3/q+1",VCOZAAPSZPSMGZ-UHFFFAOYSA-N
93,104.0706,C4H10NO2,"carboxy-N,N-dimethylmethanaminium",-1,0,C[NH+](C)CC(=O)O,"InChI=1S/C4H9NO2/c1-5(2)3-4(6)7/h3H2,1-2H3,(H,6,7)/p+1",FFDGPVCHZBVARC-UHFFFAOYSA-O
94,116.0706,C5H10NO2,N-(carboxymethyl)-N-ethylmethaniminium,-1,1,C=[N+](CC)CC(=O)O,"InChI=1S/C5H9NO2/c1-3-6(2)4-5(7)8/h2-4H2,1H3/p+1",DSHUMQFIFKUZTD-UHFFFAOYSA-O
95,116.107,C6H14NO,"N,N,N-trimethyl-2-oxopropan-1-aminium",-1,0,C[N+](C)(C)CC(C)=O,"InChI=1S/C6H14NO/c1-6(8)5-7(2,3)4/h5H2,1-4H3/q+1",LFWNPKYGVKNNAB-UHFFFAOYSA-N
96,116.107,C6H14NO,"N-(2-hydroxyethyl)-N,N-dimethylethenaminium",1,1,C=C[N+](C)(C)CCO,"InChI=1S/C6H14NO/c1-4-7(2,3)5-6-8/h4,8H,1,5-6H2,2-3H3/q+1",HFPQPIXNUBINSG-UHFFFAOYSA-N
97,116.1313,C6H16N2,[3-(trimethylazaniumyl)propyl]amino,1,0,C[N+](C)(C)CCCN,"InChI=1S/C6H16N2/c1-8(2,3)6-4-5-7/h7H,4-6H2,1-3H3/q+1",OBTWSXBOWZYZJG-UHFFFAOYSA-N
98,120.0455,C4H7FNO2,(E)-N-(carboxymethyl)(fluoro)-N-methylmethaniminium,-1,1,F\C=[N+](/C)CC(=O)O,"InChI=1S/C4H6FNO2/c1-6(3-5)2-4(7)8/h3H,2H2,1H3/p+1/b6-3+",VKBZGWHYAUQDLW-ZZXKWVIFSA-O
99,123.011,C3H7O3S,3-sulfoprop-1-ylium,-1,0,[CH2+]CCS(=O)(=O)O,"InChI=1S/C3H6O3S/c1-2-3-7(4,5)6/h1-3H2/p+1",WSUNSQZGODPNNI-UHFFFAOYSA-O
100,128.1434,C8H18N,"N,N-dimethyl-N-propylprop-2-en-1-aminium",-1,1,C=CC[N+](C)(C)CCC,"InChI=1S/C8H18N/c1-5-7-9(3,4)8-6-2/h5H,1,6-8H2,2-4H3/q+1",GWMFSRUXWIPWKW-UHFFFAOYSA-N
101,129.079,C6H11NO2,N-(2-carboxyethyl)propan-1-iminium,1,0,CC\C=[N+]/CCC(=O)O,"InChI=1S/C6H11NO2/c1-2-4-7-5-3-6(8)9/h4H,2-3,5H2,1H3,(H,8,9)/q+1",AJTNUJNJKAGRGK-UHFFFAOYSA-N
102,129.1386,C7H17N2,"N,N,N-trimethyl-3-(methylideneamino)propan-1-aminium",1,1,C[N+](C)(C)CCCN=C,"InChI=1S/C7H17N2/c1-8-6-5-7-9(2,3)4/h1,5-7H2,2-4H3/q+1",FUNQVGSVKVXHQT-UHFFFAOYSA-N
103,130.147,C7H18N2,methyl[3-(trimethylazaniumyl)propyl]amino,-1,0,C[N+](C)(C)CCCNC,"InChI=1S/C7H18N2/c1-8-6-5-7-9(2,3)4/h5-7H2,1-4H3/q+1",IFZUXTOWHYGTFH-UHFFFAOYSA-N
104,131.1179,C6H15N2O,"2-hydroxy-3-imino-N,N,N-trimethylpropan-1-aminium",1,1,C[N+](C)(C)CC(O)C=N,"InChI=1S/C6H15N2O/c1-8(2,3)5-6(9)4-7/h4,6-7,9H,5H2,1-3H3/q+1",FQCRCNDQKWBFMM-UHFFFAOYSA-N
105,143.0979,C7H12FN2,"(1E,3E)-N-ethenyl-3-(fluoroimino)-N,N-dimethylprop-1-en-1-aminium",1,0,C[N+](C)(C=C)/C=C/C=N/F,"InChI=1S/C7H12FN2/c1-4-10(2,3)7-5-6-9-8/h4-7H,1H2,2-3H3/q+1/b7-5+,9-6+",UOTYSAYFPANLNI-PDTNFJSOSA-N
106,143.1543,C8H19N2,"N-(3-aminopropyl)-N,N-dimethylprop-2-en-1-aminium",-1,1,C[N+](C)(CC=C)CCCN,"InChI=1S/C8H19N2/c1-4-7-10(2,3)8-5-6-9/h4H,1,5-9H2,2-3H3/q+1",MARTZABHRGCWDE-UHFFFAOYSA-N
107,145.1335,C7H17N2O,"N-(2-hydroxyethyl)-3-imino-N,N-dimethylpropan-1-aminium",1,1,C[N+](C)(CCC=N)CCO,"InChI=1S/C7H17N2O/c1-9(2,6-7-10)5-3-4-8/h4,8,10H,3,5-7H2,1-2H3/q+1",KOAJTGPBHOACSD-UHFFFAOYSA-N
108,159.1492,C8H19N2O,"2-hydroxy-N-(3-iminopropyl)-N,N-dimethylpropan-1-aminium",-1,1,C[N+](C)(CCC=N)CC(C)O,"InChI=1S/C8H19N2O/c1-8(11)7-10(2,3)6-4-5-9/h5,8-9,11H,4,6-7H2,1-3H3/q+1",GAFSQCVEPRNXJJ-UHFFFAOYSA-N
109,166.0532,C5H12NO3S,"(2E)-N,N-dimethyl-3-sulfoprop-2-en-1-aminium",-1,0,C[NH+](C)C\C=C\S(=O)(=O)O,"InChI=1S/C5H11NO3S/c1-6(2)4-3-5-10(7,8)9/h3,5H,4H2,1-2H3,(H,7,8,9)/p+1/b5-3+",ZHPXUCUZQZHHKR-HWKANZROSA-O
110,168.0689,C5H14NO3S,"N,N-dimethyl-3-sulfopropan-1-aminium",-1,0,C[NH+](C)CCCS(=O)(=O)O,"InChI=1S/C5H13NO3S/c1-6(2)4-3-5-10(7,8)9/h3-5H2,1-2H3,(H,7,8,9)/p+1",GYJNVSAUBGJVLV-UHFFFAOYSA-O
111,171.1128,C8H15N2O2,"(1E,3Z)-3-[(2-carboxyethyl)imino]-N,N-dimethylprop-1-en-1-aminium",1,1,O=C(O)CC/N=C\C=C\[NH+](C)C,"InChI=1S/C8H14N2O2/c1-10(2)7-3-5-9-6-4-8(11)12/h3,5,7H,4,6H2,1-2H3,(H,11,12)/p+1/b7-3+,9-5-",FRBABOJFQQNXTF-FSIVZHEYSA-O
112,179.0616,C6H13NO3S,(2E)-3-(dimethylamino)but-2-ene-1-sulfonic acid,1,1,C/C(=C\CS(=O)(=O)O)[NH+](C)C,"InChI=1S/C6H13NO3S/c1-6(7(2)3)4-5-11(8,9)10/h4H,5H2,1-3H3,(H,8,9,10)/q+1",WJKPEZLYTCGCAS-UHFFFAOYSA-N
113,184.0638,C5H14NO4S,"2-hydroxy-N,N-dimethyl-3-sulfopropan-1-aminium",1,1,OC(C[NH+](C)C)CS(=O)(=O)O,"InChI=1S/C5H13NO4S/c1-6(2)3-5(7)4-11(8,9)10/h5,7H,3-4H2,1-2H3,(H,8,9,10)/p+1",WCSAPKHLAQFSIW-UHFFFAOYSA-O
114,185.1648,C10H21N2O,"N-{3-[(Z)-(2-hydroxyethylidene)amino]propyl}-N,N-dimethylprop-2-en-1-aminium",-1,0,C[N+](C)(CCC\N=C/CO)CC=C,"InChI=1S/C10H21N2O/c1-4-8-12(2,3)9-5-6-11-7-10-13/h4,7,13H,1,5-6,8-10H2,2-3H3/q+1/b11-7-",IFQWRQCRFJTYEJ-XFFZJAGNSA-N
115,194.0845,C7H16NO3S,"N-ethenyl-N,N-dimethyl-3-sulfopropan-1-aminium",1,1,C[N+](C)(CCCS(=O)(=O)O)C=C,"InChI=1S/C7H15NO3S/c1-4-8(2,3)6-5-7-12(9,10)11/h4H,1,5-7H2,2-3H3/p+1",BHIKMGJZWSYUBD-UHFFFAOYSA-O
116,198.0795,C6H16NO4S,N-(2-hydroxyethyl)-N-methyl-3-sulfopropan-1-aminium,1,0,C[NH+](CCCS(=O)(=O)O)CCO,"InChI=1S/C6H15NO4S/c1-7(4-5-8)3-2-6-12(9,10)11/h8H,2-6H2,1H3,(H,9,10,11)/p+1",LDRXKBOBBCTASD-UHFFFAOYSA-O
117,237.1267,C9H21N2O3S,"N,N-dimethyl-3-(methylideneamino)-N-(3-sulfopropyl)propan-1-aminium",1,1,C[N+](C)(CCCS(=O)(=O)O)CCCN=C,"InChI=1S/C9H20N2O3S/c1-10-6-4-7-11(2,3)8-5-9-15(12,13)14/h1,4-9H2,2-3H3/p+1",VLSDGXOGKURQLA-UHFFFAOYSA-O
118,251.1424,C10H23N2O3S,"N-ethyl-N,N-dimethyl-3-[(E)-(3-sulfopropylidene)amino]propan-1-aminium",-1,0,O=S(=O)(O)CC\C=N\CCC[N+](C)(C)CC,"InChI=1S/C10H22N2O3S/c1-4-12(2,3)9-5-7-11-8-6-10-16(13,14)15/h8H,4-7,9-10H2,1-3H3/p+1/b11-8+",YQFIRWULRCEFKZ-DHZHZOJOSA-O
119,253.1217,C9H21N2O4S,"3-[(Z)-(2-hydroxy-3-sulfopropylidene)amino]-N,N,N-trimethylpropan-1-aminium",-1,0,OC(\C=N/CCC[N+](C)(C)C)CS(=O)(=O)O,"InChI=1S/C9H20N2O4S/c1-11(2,3)6-4-5-10-7-9(12)8-16(13,14)15/h7,9,12H,4-6,8H2,1-3H3/p+1/b10-7-",IULVDEQCVRHUMS-YFHOEESVSA-O
120,279.1373,C11H23N2O4S,"N-{3-[(Z)-(2-hydroxy-3-sulfopropylidene)amino]propyl}-N,N-dimethylprop-2-en-1-aminium",1,0,OC(\C=N/CCC[N+](C)(C)CC=C)CS(=O)(=O)O,"InChI=1S/C11H22N2O4S/c1-4-7-13(2,3)8-5-6-12-9-11(14)10-18(15,16)17/h4,9,11,14H,1,5-8,10H2,2-3H3/p+1/b12-9-",SEDNSKHGRRISPK-XFXZXTDPSA-O
121,311.9735,C5H3F9NO2S,"N-(1,1,2,2,3,3,4,4,4-nonafluorobutane-1-sulfonyl)methaniminium",1,1,FC(F)(C(F)(F)C(F)(F)C(F)(F)F)S(=O)(=O)[NH+]=C,"InChI=1S/C5H2F9NO2S/c1-15-18(16,17)5(13,14)3(8,9)2(6,7)4(10,11)12/h1H2/p+1",SOUUICIEFQHVTQ-UHFFFAOYSA-O
122,348.0052,C7H3F13N,N-(tridecafluorohexyl)methaniminium,1,1,FC(F)(C(F)(F)C(F)(F)C(F)(F)C(F)(F)F)C(F)(F)[NH+]=C,"InChI=1S/C7H2F13N/c1-21-7(19,20)5(14,15)3(10,11)2(8,9)4(12,13)6(16,17)18/h1H2/p+1",MXUKAYYHZOVCTC-UHFFFAOYSA-O
123,352.0048,C8H7F9NO2S,"1,1,2,2,3,3,4,4,4-nonafluoro-N-methyl-N-(prop-2-en-1-yl)butane-1-sulfonamide",1,1,FC(F)(C(F)(F)C(F)(F)C(F)(F)F)S(=O)(=O)N(C)CC=C,"InChI=1S/C8H8F9NO2S/c1-3-4-18(2)21(19,20)8(16,17)6(11,12)5(9,10)7(13,14)15/h3H,1,4H2,2H3",NKLBUQCIDPTZGK-UHFFFAOYSA-N
124,369.979,C7H5F9NO4S,"N-(carboxymethyl)-N-(1,1,2,2,3,3,4,4,4-nonafluorobutane-1-sulfonyl)methaniminium",-1,1,OC(=O)C[N+](=C)S(=O)(=O)C(F)(F)C(F)(F)C(F)(F)C(F)(F)F,"InChI=1S/C7H4F9NO4S/c1-17(2-3(18)19)22(20,21)7(15,16)5(10,11)4(8,9)6(12,13)14/h1-2H2/p+1",YPSDAUIGSZXAAQ-UHFFFAOYSA-O
125,390.0522,C10H9F13N,"3,3,4,4,5,5,6,6,7,7,8,8,8-tridecafluoro-N,N-dimethyloctan-1-iminium",-1,0,FC(F)(C(F)(F)C(F)(F)F)C(F)(F)C(F)(F)C(F)(F)C\C=[N+](\C)C,"InChI=1S/C10H9F13N/c1-24(2)4-3-5(11,12)6(13,14)7(15,16)8(17,18)9(19,20)10(21,22)23/h4H,3H2,1-2H3/q+1",JTKLDIONVHGWDO-UHFFFAOYSA-N
126,411.9671,C7H3F13NO2S,"N-(1,1,2,2,3,3,4,4,5,5,6,6,6-tridecafluorohexane-1-sulfonyl)methaniminium",1,0,FC(F)(C(F)(F)C(F)(F)C(F)(F)C(F)(F)C(F)(F)F)S(=O)(=O)[NH+]=C,"InChI=1S/C7H2F13NO2S/c1-21-24(22,23)7(19,20)5(14,15)3(10,11)2(8,9)4(12,13)6(16,17)18/h1H2/p+1",MQGJDXVTRVBVMW-UHFFFAOYSA-O
127,425.9828,C8H5F13NO2S,"(1E)-N-(1,1,2,2,3,3,4,4,5,5,6,6,6-tridecafluorohexane-1-sulfonyl)ethaniminium",-1,0,FC(F)(C(F)(F)C(F)(F)C(F)(F)C(F)(F)C(F)(F)F)S(=O)(=O)\[NH+]=C\C,"InChI=1S/C8H4F13NO2S/c1-2-22-25(23,24)8(20,21)6(15,16)4(11,12)3(9,10)5(13,14)7(17,18)19/h2H,1H3/p+1/b22-2+",ZXWCWXFAQWALHA-QOABUSIESA-O
128,437.9828,C9H5F13NO2S,"(1E)-N-(1,1,2,2,3,3,4,4,5,5,6,6,6-tridecafluorohexane-1-sulfonyl)prop-2-en-1-iminium",-1,0,C=C\C=[NH+]\S(=O)(=O)C(F)(F)C(F)(F)C(F)(F)C(F)(F)C(F)(F)C(F)(F)F,"InChI=1S/C9H4F13NO2S/c1-2-3-23-26(24,25)9(21,22)7(16,17)5(12,13)4(10,11)6(14,15)8(18,19)20/h2-3H,1H2/p+1/b23-3+",HJCDRIBNNRBUTL-LTGYVZTRSA-O
129,439.9984,C9H7F13NO2S,"1,1,2,2,3,3,4,4,5,5,6,6,6-tridecafluoro-N-(prop-2-en-1-yl)hexane-1-sulfonamide",-1,0,FC(F)(C(F)(F)C(F)(F)C(F)(F)C(F)(F)C(F)(F)F)S(=O)(=O)NCC=C,"InChI=1S/C9H6F13NO2S/c1-2-3-23-26(24,25)9(21,22)7(16,17)5(12,13)4(10,11)6(14,15)8(18,19)20/h2,23H,1,3H2",OEYYQKXFSDVKJI-UHFFFAOYSA-N
130,450.0733,C12H13F13NO2,"N-(carboxymethyl)-3,3,4,4,5,5,6,6,7,7,8,8,8-tridecafluoro-N,N-dimethyloctan-1-aminium",-1,0,C[N+](C)(CCC(F)(F)C(F)(F)C(F)(F)C(F)(F)C(F)(F)C(F)(F)F)CC(=O)O,"InChI=1S/C12H12F13NO2/c1-26(2,5-6(27)28)4-3-7(13,14)8(15,16)9(17,18)10(19,20)11(21,22)12(23,24)25/h3-5H2,1-2H3/p+1",GAEUOVYQCKBCJA-UHFFFAOYSA-O
131,451.9984,C10H7F13NO2S,"N-(prop-2-en-1-yl)-N-(1,1,2,2,3,3,4,4,5,5,6,6,6-tridecafluorohexane-1-sulfonyl)methaniminium",-1,0,C=CC[N+](=C)S(=O)(=O)C(F)(F)C(F)(F)C(F)(F)C(F)(F)C(F)(F)C(F)(F)F,"InChI=1S/C10H7F13NO2S/c1-3-4-24(2)27(25,26)10(22,23)8(17,18)6(13,14)5(11,12)7(15,16)9(19,20)21/h3H,1-2,4H2/q+1",HJQMDAVVSJTURM-UHFFFAOYSA-N
132,454.0141,C10H9F13NO2S,"3-[methyl(1,1,2,2,3,3,4,4,5,5,6,6,6-tridecafluorohexane-1-sulfonyl)amino]prop-1-ylium",-1,1,FC(F)(C(F)(F)C(F)(F)C(F)(F)C(F)(F)C(F)(F)F)S(=O)(=O)N(C)CC[CH2+],"InChI=1S/C10H9F13NO2S/c1-3-4-24(2)27(25,26)10(22,23)8(17,18)6(13,14)5(11,12)7(15,16)9(19,20)21/h1,3-4H2,2H3/q+1",JOMJZZNZUWYREL-UHFFFAOYSA-N
133,455.9934,C9H7F13NO3S,"N-(2-hydroxyethyl)-N-(1,1,2,2,3,3,4,4,5,5,6,6,6-tridecafluorohexane-1-sulfonyl)methaniminium",-1,1,OCC[N+](=C)S(=O)(=O)C(F)(F)C(F)(F)C(F)(F)C(F)(F)C(F)(F)C(F)(F)F,"InChI=1S/C9H7F13NO3S/c1-23(2-3-24)27(25,26)9(21,22)7(16,17)5(12,13)4(10,11)6(14,15)8(18,19)20/h24H,1-3H2/q+1",XLBWNPRRPUSISG-UHFFFAOYSA-N
134,478.1046,C14H17F13NO2,"N-(carboxymethyl)-5,5,6,6,7,7,8,8,9,9,10,10,10-tridecafluoro-N,N-dimethyldecan-1-aminium",1,0,C[N+](C)(CCCCC(F)(F)C(F)(F)C(F)(F)C(F)(F)C(F)(F)C(F)(F)F)CC(=O)O,"InChI=1S/C14H16F13NO2/c1-28(2,7-8(29)30)6-4-3-5-9(15,16)10(17,18)11(19,20)12(21,22)13(23,24)14(25,26)27/h3-7H2,1-2H3/p+1",MJLPBBJRGAKZKE-UHFFFAOYSA-O
135,483.0406,C11H12F13N2O2S,"N,N-dimethyl-3-[(1,1,2,2,3,3,4,4,5,5,6,6,6-tridecafluorohexane-1-sulfonyl)amino]propan-1-iminium",-1,0,C\[N+](C)=C\CCNS(=O)(=O)C(F)(F)C(F)(F)C(F)(F)C(F)(F)C(F)(F)C(F)(F)F,"InChI=1S/C11H12F13N2O2S/c1-26(2)5-3-4-25-29(27,28)11(23,24)9(18,19)7(14,15)6(12,13)8(16,17)10(20,21)22/h5,25H,3-4H2,1-2H3/q+1",VFJFGNIVQKAAAD-UHFFFAOYSA-N
136,485.0563,C11H14F13N2O2S,"N,N-dimethyl-3-[(1,1,2,2,3,3,4,4,5,5,6,6,6-tridecafluorohexane-1-sulfonyl)amino]propan-1-aminium",-1,1,C[NH+](C)CCCNS(=O)(=O)C(F)(F)C(F)(F)C(F)(F)C(F)(F)C(F)(F)C(F)(F)F,"InChI=1S/C11H13F13N2O2S/c1-26(2)5-3-4-25-29(27,28)11(23,24)9(18,19)7(14,15)6(12,13)8(16,17)10(20,21)22/h25H,3-5H2,1-2H3/p+1",INDOGKYZYLAGEM-UHFFFAOYSA-O
137,497.0563,C12H14F13N2O2S,"N-ethenyl-N-methyl-3-[(1,1,2,2,3,3,4,4,5,5,6,6,6-tridecafluorohexane-1-sulfonyl)amino]propan-1-aminium",-1,0,C[NH+](CCCNS(=O)(=O)C(F)(F)C(F)(F)C(F)(F)C(F)(F)C(F)(F)C(F)(F)F)C=C,"InChI=1S/C12H13F13N2O2S/c1-3-27(2)6-4-5-26-30(28,29)12(24,25)10(19,20)8(15,16)7(13,14)9(17,18)11(21,22)23/h3,26H,1,4-6H2,2H3/p+1",FKKREWISKMYKSF-UHFFFAOYSA-O
138,499.0719,C12H16F13N2O2S,"N,N,N-trimethyl-3-[(1,1,2,2,3,3,4,4,5,5,6,6,6-tridecafluorohexane-1-sulfonyl)amino]propan-1-aminium",-1,1,C[N+](C)(C)CCCNS(=O)(=O)C(F)(F)C(F)(F)C(F)(F)C(F)(F)C(F)(F)C(F)(F)F,"InChI=1S/C12H16F13N2O2S/c1-27(2,3)6-4-5-26-30(28,29)12(24,25)10(19,20)8(15,16)7(13,14)9(17,18)11(21,22)23/h26H,4-6H2,1-3H3/q+1",OWBYGXNKMFLAMD-UHFFFAOYSA-N
139,501.0736,C13H18F9N2O6S,"N-(carboxymethyl)-3-[(carboxymethyl)(1,1,2,2,3,3,4,4,4-nonafluorobutane-1-sulfonyl)amino]-N,N-dimethylpropan-1-aminium",1,1,C[N+](C)(CCCN(CC(=O)O)S(=O)(=O)C(F)(F)C(F)(F)C(F)(F)C(F)(F)F)CC(=O)O,"InChI=1S/C13H17F9N2O6S/c1-24(2,7-9(27)28)5-3-4-23(6-8(25)26)31(29,30)13(21,22)11(16,17)10(14,15)12(18,19)20/h3-7H2,1-2H3,(H-,25,26,27,28)/p+1",DGXSKNFQKVNKMH-UHFFFAOYSA-O
140,513.0876,C13H18F13N2O2S,"3-[ethyl(1,1,2,2,3,3,4,4,5,5,6,6,6-tridecafluorohexane-1-sulfonyl)amino]-N,N-dimethylpropan-1-aminium",1,0,C[NH+](C)CCCN(CC)S(=O)(=O)C(F)(F)C(F)(F)C(F)(F)C(F)(F)C(F)(F)C(F)(F)F,"InChI=1S/C13H17F13N2O2S/c1-4-28(7-5-6-27(2)3)31(29,30)13(25,26)11(20,21)9(16,17)8(14,15)10(18,19)12(22,23)24/h4-7H2,1-3H3/p+1",JSLXYELSFPFGCK-UHFFFAOYSA-O
141,515.0669,C12H16F13N2O3S,"N-(2-hydroxyethyl)-N-methyl-3-[(1,1,2,2,3,3,4,4,5,5,6,6,6-tridecafluorohexane-1-sulfonyl)amino]propan-1-aminium",-1,1,C[NH+](CCCNS(=O)(=O)C(F)(F)C(F)(F)C(F)(F)C(F)(F)C(F)(F)C(F)(F)F)CCO,"InChI=1S/C12H15F13N2O3S/c1-27(5-6-28)4-2-3-26-31(29,30)12(24,25)10(19,20)8(15,16)7(13,14)9(17,18)11(21,22)23/h26,28H,2-6H2,1H3/p+1",MNLQKSMBNOBMNC-UHFFFAOYSA-O
142,529.0461,C12H14F13N2O4S,"3-[carboxy(1,1,2,2,3,3,4,4,5,5,6,6,6-tridecafluorohexane-1-sulfonyl)amino]-N,N-dimethylpropan-1-aminium",-1,1,C[NH+](C)CCCN(C(=O)O)S(=O)(=O)C(F)(F)C(F)(F)C(F)(F)C(F)(F)C(F)(F)C(F)(F)F,"InChI=1S/C12H13F13N2O4S/c1-26(2)4-3-5-27(6(28)29)32(30,31)12(24,25)10(19,20)8(15,16)7(13,14)9(17,18)11(21,22)23/h3-5H2,1-2H3,(H,28,29)/p+1",CNPWNQJZLXIDGI-UHFFFAOYSA-O
143,529.0825,C13H18F13N2O3S,"N-(2-hydroxyethyl)-N,N-dimethyl-3-[(1,1,2,2,3,3,4,4,5,5,6,6,6-tridecafluorohexane-1-sulfonyl)amino]propan-1-aminium",-1,1,C[N+](C)(CCCNS(=O)(=O)C(F)(F)C(F)(F)C(F)(F)C(F)(F)C(F)(F)C(F)(F)F)CCO,"InChI=1S/C13H18F13N2O3S/c1-28(2,6-7-29)5-3-4-27-32(30,31)13(25,26)11(20,21)9(16,17)8(14,15)10(18,19)12(22,23)24/h27,29H,3-7H2,1-2H3/q+1",IPCCWNWHJVOPTJ-UHFFFAOYSA-N
144,529.0825,C13H18F13N2O3S,"3-[(2-hydroxyethyl)(1,1,2,2,3,3,4,4,5,5,6,6,6-tridecafluorohexane-1-sulfonyl)amino]-N,N-dimethylpropan-1-aminium",1,1,FC(F)(C(F)(F)C(F)(F)C(F)(F)C(F)(F)C(F)(F)F)S(=O)(=O)N(CCO)CCC[NH+](C)C,"InChI=1S/C13H17F13N2O3S/c1-27(2)4-3-5-28(6-7-29)32(30,31)13(25,26)11(20,21)9(16,17)8(14,15)10(18,19)12(22,23)24/h29H,3-7H2,1-2H3/p+1",JGQSPCGHMGGHQA-UHFFFAOYSA-O
145,543.0618,C13H16F13N2O4S,"N-(carboxymethyl)-N,N-dimethyl-3-[(1,1,2,2,3,3,4,4,5,5,6,6,6-tridecafluorohexane-1-sulfonyl)amino]propan-1-aminium",1,0,C[N+](C)(CCCNS(=O)(=O)C(F)(F)C(F)(F)C(F)(F)C(F)(F)C(F)(F)C(F)(F)F)CC(=O)O,"InChI=1S/C13H15F13N2O4S/c1-28(2,6-7(29)30)5-3-4-27-33(31,32)13(25,26)11(20,21)9(16,17)8(14,15)10(18,19)12(22,23)24/h27H,3-6H2,1-2H3/p+1",SALFKFAUHVWLMP-UHFFFAOYSA-O
146,545.0774,C13H18F13N2O4S,NA,-1,1,FC(F)(C(F)(F)C(F)(F)C(F)(F)C(F)(F)C(F)(F)F)S(=O)(=O)NCC(O)C[N+](C)(C)CCO,"InChI=1S/C13H18F13N2O4S/c1-28(2,3-4-29)6-7(30)5-27-33(31,32)13(25,26)11(20,21)9(16,17)8(14,15)10(18,19)12(22,23)24/h7,27,29-30H,3-6H2,1-2H3/q+1",NEZVSQDIQCIHOO-UHFFFAOYSA-N
147,555.0618,C14H16F13N2O4S,"3-[(2-carboxyethyl)(1,1,2,2,3,3,4,4,5,5,6,6,6-tridecafluorohexane-1-sulfonyl)amino]-N,N-dimethylpropan-1-iminium",-1,1,OC(=O)CCN(CC\C=[N+](/C)C)S(=O)(=O)C(F)(F)C(F)(F)C(F)(F)C(F)(F)C(F)(F)C(F)(F)F,"InChI=1S/C14H15F13N2O4S/c1-28(2)5-3-6-29(7-4-8(30)31)34(32,33)14(26,27)12(21,22)10(17,18)9(15,16)11(19,20)13(23,24)25/h5H,3-4,6-7H2,1-2H3/p+1",NDGKDCANCOEEON-UHFFFAOYSA-O
148,569.1138,C16H22F13N2O3S,NA,-1,0,FC(F)(C(F)(F)C(F)(F)C(F)(F)C(F)(F)C(F)(F)F)S(=O)(=O)N(CCO)CCC[N+](C)(C)CC=C,"InChI=1S/C16H22F13N2O3S/c1-4-8-31(2,3)9-5-6-30(7-10-32)35(33,34)16(28,29)14(23,24)12(19,20)11(17,18)13(21,22)15(25,26)27/h4,32H,1,5-10H2,2-3H3/q+1",AEYZAGOYCCBWQK-UHFFFAOYSA-N
149,571.0789,C14H22F11N2O5S2,NA,-1,0,C[N+](C)(CCCS(=O)(=O)O)CCCN(C)S(=O)(=O)C(F)(F)C(F)(F)C(F)(F)C(F)(F)C(F)(F)F,"InChI=1S/C14H21F11N2O5S2/c1-26(6-4-7-27(2,3)8-5-9-33(28,29)30)34(31,32)14(24,25)12(19,20)10(15,16)11(17,18)13(21,22)23/h4-9H2,1-3H3/p+1",FLZXDOGZXYXNOM-UHFFFAOYSA-O
150,571.0931,C15H20F13N2O4S,NA,1,0,C[N+](C)(C)CCCN(CCC(=O)O)S(=O)(=O)C(F)(F)C(F)(F)C(F)(F)C(F)(F)C(F)(F)C(F)(F)F,"InChI=1S/C15H19F13N2O4S/c1-30(2,3)8-4-6-29(7-5-9(31)32)35(33,34)15(27,28)13(22,23)11(18,19)10(16,17)12(20,21)14(24,25)26/h4-8H2,1-3H3/p+1",JUXSJDOYJDYZRI-UHFFFAOYSA-O
151,573.1087,C15H22F13N2O4S,NA,-1,1,FC(F)(C(F)(F)C(F)(F)C(F)(F)C(F)(F)C(F)(F)F)S(=O)(=O)N(CCO)CCC[N+](C)(C)CCO,"InChI=1S/C15H22F13N2O4S/c1-30(2,7-9-32)6-3-4-29(5-8-31)35(33,34)15(27,28)13(22,23)11(18,19)10(16,17)12(20,21)14(24,25)26/h31-32H,3-9H2,1-2H3/q+1",QWCSJPDFPIQWOG-UHFFFAOYSA-N
152,581.0668,C14H22F9N2O8S2,NA,1,1,OC(C[N+](C)(C)CCCN(CC(=O)O)S(=O)(=O)C(F)(F)C(F)(F)C(F)(F)C(F)(F)F)CS(=O)(=O)O,"InChI=1S/C14H21F9N2O8S2/c1-25(2,7-9(26)8-34(29,30)31)5-3-4-24(6-10(27)28)35(32,33)14(22,23)12(17,18)11(15,16)13(19,20)21/h9,26H,3-8H2,1-2H3,(H-,27,28,29,30,31)/p+1",MSDRTNSYKMRDIE-UHFFFAOYSA-O
153,585.1087,C16H22F13N2O4S,NA,1,1,C[N+](C)(CCCN(CC)S(=O)(=O)C(F)(F)C(F)(F)C(F)(F)C(F)(F)C(F)(F)C(F)(F)F)CCC(=O)O,"InChI=1S/C16H21F13N2O4S/c1-4-30(7-5-8-31(2,3)9-6-10(32)33)36(34,35)16(28,29)14(23,24)12(19,20)11(17,18)13(21,22)15(25,26)27/h4-9H2,1-3H3/p+1",HHYCXWVDFSFVAB-UHFFFAOYSA-O
154,593.0444,C13H18F13N2O5S2,NA,1,1,CN(CCCS(=O)(=O)O)CCC[NH2+]S(=O)(=O)C(F)(F)C(F)(F)C(F)(F)C(F)(F)C(F)(F)C(F)(F)F,"InChI=1S/C13H17F13N2O5S2/c1-28(6-3-7-34(29,30)31)5-2-4-27-35(32,33)13(25,26)11(20,21)9(16,17)8(14,15)10(18,19)12(22,23)24/h27H,2-7H2,1H3,(H,29,30,31)/p+1",NVZKJWGGYRLQDE-UHFFFAOYSA-O
155,607.0601,C14H20F13N2O5S2,NA,1,0,C[N+](C)(CCCNS(=O)(=O)C(F)(F)C(F)(F)C(F)(F)C(F)(F)C(F)(F)C(F)(F)F)CCC[S-](=O)(=O)=O,"InChI=1S/C14H19F13N2O5S2/c1-29(2,7-4-8-35(30,31)32)6-3-5-28-36(33,34)14(26,27)12(21,22)10(17,18)9(15,16)11(19,20)13(23,24)25/h28H,3-8H2,1-2H3/p+1",HQZMVHMXSNFQPY-UHFFFAOYSA-O
156,615.0829,C16H20F13N2O6S,NA,1,1,C[N+](C)(CCCS(=O)(=O)O)CCCNS(=O)(=O)C(F)(F)C(F)(F)C(F)(F)C(F)(F)C(F)(F)C(F)(F)F,"InChI=1S/C16H19F13N2O6S/c1-31(2,8-10(34)35)7-3-5-30(6-4-9(32)33)38(36,37)16(28,29)14(23,24)12(19,20)11(17,18)13(21,22)15(25,26)27/h3-8H2,1-2H3,(H-,32,33,34,35)/p+1",CEGZDKRLHFJHPK-UHFFFAOYSA-O
157,623.055,C14H20F13N2O6S2,NA,1,0,OC(C[N+](C)(C)CCCNS(=O)(=O)C(F)(F)C(F)(F)C(F)(F)C(F)(F)C(F)(F)C(F)(F)F)CS(=O)(=O)O,"InChI=1S/C14H19F13N2O6S2/c1-29(2,6-8(30)7-36(31,32)33)5-3-4-28-37(34,35)14(26,27)12(21,22)10(17,18)9(15,16)11(19,20)13(23,24)25/h8,28,30H,3-7H2,1-2H3/p+1",MEXQEENXUFLERY-UHFFFAOYSA-O
158,637.0706,C15H22F13N2O6S2,NA,1,1,C[N+](CCCS(=O)(=O)O)(CCCNS(=O)(=O)C(F)(F)C(F)(F)C(F)(F)C(F)(F)C(F)(F)C(F)(F)F)CCO,"InChI=1S/C15H21F13N2O6S2/c1-30(7-8-31,6-3-9-37(32,33)34)5-2-4-29-38(35,36)15(27,28)13(22,23)11(18,19)10(16,17)12(20,21)14(24,25)26/h29,31H,2-9H2,1H3/p+1",PZPSGOXUBJAOCW-UHFFFAOYSA-O
159,651.0863,C16H24F13N2O6S2,NA,1,0,C[N+](C)(CCCS(=O)(=O)O)CCCN(CCO)S(=O)(=O)C(F)(F)C(F)(F)C(F)(F)C(F)(F)C(F)(F)C(F)(F)F,"InChI=1S/C16H23F13N2O6S2/c1-31(2,8-4-10-38(33,34)35)7-3-5-30(6-9-32)39(36,37)16(28,29)14(23,24)12(19,20)11(17,18)13(21,22)15(25,26)27/h32H,3-10H2,1-2H3/p+1",OTGDECNCRNZRLC-UHFFFAOYSA-O
160,663.0863,C17H24F13N2O6S2,NA,1,1,OC(CN(CCC[N+](C)(C)CC=C)S(=O)(=O)C(F)(F)C(F)(F)C(F)(F)C(F)(F)C(F)(F)C(F)(F)F)CS(=O)(=O)O,"InChI=1S/C17H23F13N2O6S2/c1-4-7-32(2,3)8-5-6-31(9-11(33)10-39(34,35)36)40(37,38)17(29,30)15(24,25)13(20,21)12(18,19)14(22,23)16(26,27)28/h4,11,33H,1,5-10H2,2-3H3/p+1",MYRFNVKMBDXJQS-UHFFFAOYSA-O
161,665.0655,C16H22F13N2O7S2,NA,-1,0,C[N+](C)(CCCS(=O)(=O)O)CCCN(CC(=O)O)S(=O)(=O)C(F)(F)C(F)(F)C(F)(F)C(F)(F)C(F)(F)C(F)(F)F,"InChI=1S/C16H21F13N2O7S2/c1-31(2,7-4-8-39(34,35)36)6-3-5-30(9-10(32)33)40(37,38)16(28,29)14(23,24)12(19,20)11(17,18)13(21,22)15(25,26)27/h3-9H2,1-2H3,(H-,32,33,34,35,36)/p+1",ULXXTBSQAWPGEP-UHFFFAOYSA-O
162,667.0812,C16H24F13N2O7S2,NA,-1,0,OC(C[N+](C)(C)CCCN(CCO)S(=O)(=O)C(F)(F)C(F)(F)C(F)(F)C(F)(F)C(F)(F)C(F)(F)F)CS(=O)(=O)O,"InChI=1S/C16H23F13N2O7S2/c1-31(2,8-10(33)9-39(34,35)36)6-3-4-30(5-7-32)40(37,38)16(28,29)14(23,24)12(19,20)11(17,18)13(21,22)15(25,26)27/h10,32-33H,3-9H2,1-2H3/p+1",CQCLWHUKRWZERH-UHFFFAOYSA-O
163,729.0638,C17H26F13N2O8S3,NA,-1,0,FC(F)(F)C(F)(F)C(F)(F)C(F)(F)C(F)(F)C(F)(F)S(=O)(=O)N(CCCS(=O)(=O)O)CCC[N+](C)(C)CCCS(=O)(=O)O,"InChI=1S/C17H25F13N2O8S3/c1-32(2,9-5-11-42(36,37)38)8-3-6-31(7-4-10-41(33,34)35)43(39,40)17(29,30)15(24,25)13(20,21)12(18,19)14(22,23)16(26,27)28/h3-11H2,1-2H3,(H-,33,34,35,36,37,38)/p+1",XJWXHAVPVAKYGX-UHFFFAOYSA-O
164,761.0537,C17H26F13N2O10S3,NA,-1,1,OC(CN(CCC[N+](C)(C)CC(O)CS(=O)(=O)O)S(=O)(=O)C(F)(F)C(F)(F)C(F)(F)C(F)(F)C(F)(F)C(F)(F)F)CS(=O)(=O)O,"InChI=1S/C17H25F13N2O10S3/c1-32(2,7-11(34)9-44(38,39)40)5-3-4-31(6-10(33)8-43(35,36)37)45(41,42)17(29,30)15(24,25)13(20,21)12(18,19)14(22,23)16(26,27)28/h10-11,33-34H,3-9H2,1-2H3,(H-,35,36,37,38,39,40)/p+1",HQILQIXAHVRCNF-UHFFFAOYSA-O
