FRAGMENT_ID,FRAGMENT_FORMULA,FRAGMENT_EXACTMASS,FRAGMENT_DESCRIPTION,SMILES,INCHI,INCHIKEY,INSILICO,EMPIRICAL,FRAGMENT_CHARGE,FRAGMENT_RADICAL,EMPIRICAL_CITATION,INSILICO_CITATION
1,CF3,68.9958,trifluoromethanide,F[C-](F)F,InChI=1S/CF3/c2-1(3)4/q-1,NYKUFCUBMAFLFF-UHFFFAOYSA-N,N,Y,N,N,DOI:10.1002/rcm.3274,
2,SO3,79.9579,sulfonate (oxido(dioxo)-?6-sulfanyl) radical,[O-]S(=O)=O,"InChI=1S/HO3S/c1-4(2)3/h(H,1,2,3)/p-1",IYLJUMIQCMKJHF-UHFFFAOYSA-M,N,Y,N,Y,DOI:10.1002/rcm.3274,
3,SO3F,98.9558,sulfurofluoridate,[O-]S(F)(=O)=O,"InChI=1S/FHO3S/c1-5(2,3)4/h(H,2,3,4)/p-1",UQSQSQZYBQSBJZ-UHFFFAOYSA-M,N,Y,N,N,DOI:10.1002/rcm.3274,
4,C2F5,118.9926,"1,1,2,2,2-pentafluoroethan-1-ide",F[C-](F)C(F)(F)F,"InChI=1S/C2F5/c3-1(4)2(5,6)7/q-1",ADQIVSCGHADPRK-UHFFFAOYSA-N,N,Y,N,N,DOI:10.1002/rcm.3274,
5,CF3SO3,148.9531,difluoromethanesulfonate,FC(F)S([O-])(=O)=O,"InChI=1S/CHF2O3S/c2-1(3)7(4,5)6/h(H,4,5,6)/p-1",OOIKVQWOOLNFPY-UHFFFAOYSA-M,N,Y,N,Y,DOI:10.1002/rcm.3274,
6,C3F7,168.9894,"1,1,2,2,3,3,3-heptafluoropropan-1-ide",F[C-](F)C(F)(F)C(F)(F)F,"InChI=1S/C3F7/c4-1(5)2(6,7)3(8,9)10/q-1","InChI=1S/C3F7/c4-1(5)2(6,7)3(8,9)10/q-1",N,Y,N,N,DOI:10.1002/rcm.3274,
7,C2F4SO3,179.9515,"1,1,2,2-tetrafluoroethane-1-sulfonate",FC(F)C(F)(F)S([O-])(=O)=O,"InChI=1S/C2HF4O3S/c3-1(4)2(5,6)10(7,8)9/h(H,7,8,9)/p-1",WJWZCGQRFLQQSO-UHFFFAOYSA-M,N,Y,N,Y,DOI:10.1002/rcm.3274,
8,C4F9,218.9862,"1,1,2,2,3,3,4,4,4-nonafluorobutan-1-ide",FC(F)([C-](F)F)C(F)(F)C(F)(F)F,"InChI=1S/C4F9/c5-1(6)2(7,8)3(9,10)4(11,12)13/q-1",XMSMVNGDXHCAIN-UHFFFAOYSA-N,N,Y,N,N,DOI:10.1002/rcm.3274,
9,C3F6SO3,229.9483,"1,1,2,2,3,3-hexafluoropropane-1-sulfonate",FC(F)(C(F)F)C(F)(F)S([O-])(=O)=O,"InChI=1S/C3HF6O3S/c4-1(5)2(6,7)3(8,9)13(10,11)12/h(H,10,11,12)/p-1",LOZXWHMJUDLAOH-UHFFFAOYSA-M,N,Y,N,Y,DOI:10.1002/rcm.3274,
10,C5F11,268.983,"1,1,2,2,3,3,4,4,5,5,5-undecafluoropentan-1-ide",FC(F)(C(F)(F)C(F)(F)F)C(F)(F)[C-](F)F,"InChI=1S/C5F11/c6-1(7)2(8,9)3(10,11)4(12,13)5(14,15)16/q-1",GZVMGGHPRNZYPX-UHFFFAOYSA-N,N,Y,N,N,DOI:10.1002/rcm.3274,
11,C4F8SO3,279.9451,"1,1,2,2,3,3,4,4-octafluorobutane-1-sulfonate",FC(F)(C(F)(F)S([O-])(=O)=O)C(F)(F)C(F)F,"InChI=1S/C4HF8O3S/c5-1(6)2(7,8)3(9,10)4(11,12)16(13,14)15/h(H,13,14,15)/p-1",GALSBEPEEYHFAH-UHFFFAOYSA-M,N,Y,N,Y,DOI:10.1002/rcm.3274,
12,C6F13,318.9798,"1,1,2,2,3,3,4,4,5,5,6,6,6-tridecafluorohexan-1-ide",FC(F)(C(F)(F)C(F)(F)F)C(F)(F)C(F)(F)[C-](F)F,"InChI=1S/C6F13/c7-1(8)2(9,10)3(11,12)4(13,14)5(15,16)6(17,18)19/q-1",LNCCDXKJZWSPNJ-UHFFFAOYSA-N,N,Y,N,N,DOI:10.1002/rcm.3274,
13,C5F10SO3,329.9419,"1,1,2,2,3,3,4,4,5,5-decafluoropentane-1-sulfonate",FC(F)(C(F)(F)S([O-])(=O)=O)C(F)(F)C(F)(F)C(F)F,"InChI=1S/C5HF10O3S/c6-1(7)2(8,9)3(10,11)4(12,13)5(14,15)19(16,17)18/h(H,16,17,18)/p-1",KFUVXNKYAKCSGC-UHFFFAOYSA-M,N,Y,N,Y,DOI:10.1002/rcm.3274,
14,C7F15,368.9766,"1,1,2,2,3,3,4,4,5,5,6,6,7,7,7-pentadecafluoroheptan-1-ide",FC(F)(C(F)(F)C(F)(F)F)C(F)(F)C(F)(F)C(F)(F)[C-](F)F,"InChI=1S/C7F15/c8-1(9)2(10,11)3(12,13)4(14,15)5(16,17)6(18,19)7(20,21)22/q-1",ALVSLIGXOWPIRL-UHFFFAOYSA-N,N,Y,N,N,DOI:10.1002/rcm.3274,
15,C6F12SO3,379.9387,"1,1,2,2,3,3,4,4,5,5,6,6-dodecafluorohexane-1-sulfonate",FC(F)(C(F)(F)S([O-])(=O)=O)C(F)(F)C(F)(F)C(F)(F)C(F)F,"InChI=1S/C6HF12O3S/c7-1(8)2(9,10)3(11,12)4(13,14)5(15,16)6(17,18)22(19,20)21/h(H,19,20,21)/p-1",LFELKXAXFBYXBI-UHFFFAOYSA-M,N,Y,N,Y,DOI:10.1002/rcm.3274,
16,C8F17,418.9734,"1,1,2,2,3,3,4,4,5,5,6,6,7,7,8,8,8-heptadecafluorooctan-1-ide",FC(F)(C(F)(F)C(F)(F)F)C(F)(F)C(F)(F)C(F)(F)C(F)(F)[C-](F)F,"InChI=1S/C8F17/c9-1(10)2(11,12)3(13,14)4(15,16)5(17,18)6(19,20)7(21,22)8(23,24)25/q-1",PTAFHQYLQZVKPD-UHFFFAOYSA-N,N,Y,N,N,DOI:10.1002/rcm.3274,
17,C2H3O2,59.0139,2-hydroxyethen-1-olate,[O-]\C=C\O,InChI=1S/C2H4O2/c3-1-2-4/h1-4H/p-1/b2-1+,JMCRDEBJJPRTPV-OWOJBTEDSA-M,N,Y,N,N,DOI:10.1021/acs.est.6b05843,
18,NO2S,77.9655,(dioxo-?6-sulfanylidene)azanide,[N-]=S(=O)=O,InChI=1S/NO2S/c1-4(2)3/q-1,IZYYKBAPHIOVKV-UHFFFAOYSA-N,N,Y,N,N,DOI:10.1021/acs.est.6b05843,
19,HO3S,80.9652,hydrogen sulfite,[O-]S(=O)O,"InChI=1S/H2O3S/c1-4(2)3/h(H2,1,2,3)/p-1",LSNNMFCWUKXFEE-UHFFFAOYSA-M,N,Y,N,N,DOI:10.1021/acs.est.6b05843,
20,FO2S,82.9609,sulfurofluoridoite,[O-]S(F)=O,"InChI=1S/FHO2S/c1-4(2)3/h(H,2,3)/p-1",HMKJMFKGFGKCPL-UHFFFAOYSA-M,N,Y,N,N,DOI:10.1021/acs.est.6b05843,
21,CH3O3S,94.9808,methanesulfonate,[O-]S(C)(=O)=O,"InChI=1S/CH4O3S/c1-5(2,3)4/h1H3,(H,2,3,4)/p-1",AFVFQIVMOAPDHO-UHFFFAOYSA-M,N,Y,N,N,DOI:10.1021/acs.est.6b05843,
22,C2H3O4S,122.9758,2-oxoethane-1-sulfonate,[O-]S(=O)(=O)CC=O,"InChI=1S/C2H4O4S/c3-1-2-7(4,5)6/h1H,2H2,(H,4,5,6)/p-1",JTJIXCMSHWPJJE-UHFFFAOYSA-M,N,Y,N,N,DOI:10.1021/acs.est.6b05843,
23,F5S,126.9646,pentafluorosulfur,FS(F)(F)(F)F,NA,NA,N,Y,N,N,DOI:10.1021/acs.est.6b05843,
24,CF2O3S,129.9547,difluoro(sulfonato)methyl,FC(F)S([O-])(=O)=O,"InChI=1S/CHF2O3S/c2-1(3)7(4,5)6/h(H,4,5,6)/p-1",OOIKVQWOOLNFPY-UHFFFAOYSA-M,N,Y,N,Y,DOI:10.1021/acs.est.6b05843,
25,C3F5,130.9926,"1,2,3,3,3-pentafluoroprop-1-en-1-ide",F\[C-]=C(\F)C(F)(F)F,"InChI=1S/C3F5/c4-1-2(5)3(6,7)8/q-1",FMBUBALTACTALL-UHFFFAOYSA-N,N,Y,N,N,DOI:10.1021/acs.est.6b05843,
26,C3H5O4S,136.9914,3-(dioxo-?6-sulfanyl)propanoate,[O-]C(=O)CCS(=O)=O,"InChI=1S/C3H6O4S/c4-3(5)1-2-8(6)7/h8H,1-2H2,(H,4,5)/p-1",CFKSYIQWOMQBPE-UHFFFAOYSA-M,N,Y,N,N,DOI:10.1021/acs.est.6b05843,
27,C4F5,142.9926,"1,2,3,4,5,5,5-heptafluoropenta-1,3-dien-1-ide",F/C(/C(/F)=[C-]\F)=C(/F)C(F)(F)F,"InChI=1S/C5F7/c6-1-2(7)3(8)4(9)5(10,11)12/q-1/b4-3+",AFBJVCASIOLTSK-ONEGZZNKSA-N,N,Y,N,N,DOI:10.1021/acs.est.6b05843,
28,C5H11N2O2S,163.0547,[3-(dimethylamino)propylidene]sulfuramidoite,[O-]S(=O)\N=C\CCN(C)C,"InChI=1S/C5H12N2O2S/c1-7(2)5-3-4-6-10(8)9/h4H,3,5H2,1-2H3,(H,8,9)/p-1/b6-4+",PNBQFKZYHNCNPP-GQCTYLIASA-M,N,Y,N,N,DOI:10.1021/acs.est.6b05843,
29,C5H12NO3S,166.0543,3-(dimethylamino)propane-1-sulfonate,[O-]S(=O)(=O)CCCN(C)C,"InChI=1S/C5H13NO3S/c1-6(2)4-3-5-10(7,8)9/h3-5H2,1-2H3,(H,7,8,9)/p-1",GYJNVSAUBGJVLV-UHFFFAOYSA-M,N,Y,N,N,DOI:10.1021/acs.est.6b05843,
30,C2F4O3S,179.9515,"1,1,2,2-tetrafluoro-2-sulfonatoethyl",FC(F)C(F)(F)S([O-])(=O)=O,"InChI=1S/C2HF4O3S/c3-1(4)2(5,6)10(7,8)9/h(H,7,8,9)/p-1",WJWZCGQRFLQQSO-UHFFFAOYSA-M,N,Y,N,Y,DOI:10.1021/acs.est.6b05843,
31,C4F7,180.9894,"1,1,2,3,4,4,4-heptafluorobut-2-en-1-ide",F/C([C-](F)F)=C(/F)C(F)(F)F,"InChI=1S/C4F7/c5-1(3(7)8)2(6)4(9,10)11/q-1/b2-1+",TYTCYFUPFKBTJI-OWOJBTEDSA-N,N,Y,N,N,DOI:10.1021/acs.est.6b05843,
32,C5H12NO4S,182.0493,3-(dimethylamino)-2-hydroxypropane-1-sulfonate,[O-]S(=O)(=O)CC(O)CN(C)C,"InChI=1S/C5H13NO4S/c1-6(2)3-5(7)4-11(8,9)10/h5,7H,3-4H2,1-2H3,(H,8,9,10)/p-1",WCSAPKHLAQFSIW-UHFFFAOYSA-M,N,Y,N,N,DOI:10.1021/acs.est.6b05843,
33,C5H12FN2O2S,183.0609,[2-(dimethylamino)ethyl]sulfurofluoridimidate,[O-]S(F)(=O)=NCCN(C)C,"InChI=1S/C4H11FN2O2S/c1-7(2)4-3-6-10(5,8)9/h3-4H2,1-2H3,(H,6,8,9)/p-1",JUFKDWOIFFSNPO-UHFFFAOYSA-M,N,Y,N,N,DOI:10.1021/acs.est.6b05843,
34,C5F7,192.9894,"1,2,3,4,5,5,5-heptafluoropenta-1,3-dien-1-ide",F/C(/C(/F)=[C-]\F)=C(/F)C(F)(F)F,"InChI=1S/C5F7/c6-1-2(7)3(8)4(9)5(10,11)12/q-1/b4-3+",AFBJVCASIOLTSK-ONEGZZNKSA-N,N,Y,N,N,DOI:10.1021/acs.est.6b05843,
35,C6H14FN2O2S,197.0771,unknown,NA,NA,NA,N,Y,N,Y,DOI:10.1021/acs.est.6b05843,
36,C7F7,216.9894,"1,3,4,5,6,7,7-heptafluorohepta-1,2,4,6-tetraen-1-ide",F\C(=C(\F)C(\F)=C(/F)F)\C(\F)=C=[C-]\F,InChI=1S/C7F7/c8-2-1-3(9)4(10)5(11)6(12)7(13)14/q-1/b5-4+,NJZYUXIQXYXDRL-SNAWJCMRSA-N,N,Y,N,N,DOI:10.1021/acs.est.6b05843,
37,C3F6O3S,229.9483,"1,1,2,2,3,3-hexafluoro-3-sulfonatopropyl",FC(F)(C(F)F)C(F)(F)S([O-])(=O)=O,"InChI=1S/C3HF6O3S/c4-1(5)2(6,7)3(8,9)13(10,11)12/h(H,10,11,12)/p-1",LOZXWHMJUDLAOH-UHFFFAOYSA-M,N,Y,N,Y,DOI:10.1021/acs.est.6b05843,
38,C6F9,242.9862,"1,1,2,3,4,5,6,6,6-nonafluorohexa-2,4-dien-1-ide",F/C(C(\F)=C(\F)[C-](F)F)=C(/F)C(F)(F)F,"InChI=1S/C6F9/c7-1(3(9)5(11)12)2(8)4(10)6(13,14)15/q-1/b3-1+,4-2+",MFOGDHCZQFZSBL-ZPUQHVIOSA-N,N,Y,N,N,DOI:10.1021/acs.est.6b05843,
39,C7F9,254.9862,"1,1,2,3,4,5,6,7,7-nonafluorohepta-2,4,6-trien-1-ide",F\C(=C(/F)\C(\F)=C(\F)F)C(/F)=C(/F)[C-](F)F,"InChI=1S/C7F9/c8-1(2(9)4(11)6(13)14)3(10)5(12)7(15)16/q-1/b2-1-,5-3-",UXMSGNIAPCBQJS-NWJCXACMSA-N,N,Y,N,N,DOI:10.1021/acs.est.6b05843,
40,C8F9,266.9862,"1,2,3,4,5,6,7,8,8-nonafluoroocta-1,3,5,7-tetraen-1-ide",F\C(=C(/F)\C(\F)=C(/F)F)\C(\F)=C(/F)\C(\F)=[C-]\F,"InChI=1S/C8F9/c9-1-2(10)3(11)4(12)5(13)6(14)7(15)8(16)17/q-1/b4-3-,6-5-",VPMRHDZLYAVZNW-OUPQRBNQSA-N,N,Y,N,N,DOI:10.1021/acs.est.6b05843,
41,C4F8O3S,279.9451,"1,1,2,2,3,3,4,4-octafluoro-4-sulfonatobutyl",FC(F)(C(F)(F)S([O-])(=O)=O)C(F)(F)C(F)F,"InChI=1S/C4HF8O3S/c5-1(6)2(7,8)3(9,10)4(11,12)16(13,14)15/h(H,13,14,15)/p-1",GALSBEPEEYHFAH-UHFFFAOYSA-M,N,Y,N,Y,DOI:10.1021/acs.est.6b05843,
42,C6F11,280.983,"1,1,2,2,3,3,4,4,5,6,6-undecafluorohex-5-en-1-ide",FC(F)(C(/F)=C(\F)F)C(F)(F)C(F)(F)[C-](F)F,"InChI=1S/C6F11/c7-1(2(8)9)4(12,13)6(16,17)5(14,15)3(10)11/q-1",VXTILDIYPRYTOJ-UHFFFAOYSA-N,N,Y,N,N,DOI:10.1021/acs.est.6b05843,
43,C8H3F8S,282.9833,"(4Z)-5,6,6,7,7,8,8,8-octafluoroocta-1,2,4-triene-1-thiolate",FC(F)(C(\F)=C\C=C=C\[S-])C(F)(F)C(F)(F)F,"InChI=1S/C8H4F8S/c9-5(3-1-2-4-17)6(10,11)7(12,13)8(14,15)16/h1,3-4,17H/p-1/b5-3-",BILSWFXQGVOZLA-HYXAFXHYSA-M,N,Y,N,N,DOI:10.1021/acs.est.6b05843,
44,C8HF10,286.9924,"1,2,3,4,5,6,7,8,8,8-decafluoroocta-2,4,6-trien-1-ide",F/C(C(\F)=C(\F)C(\F)=C(/F)[CH-]F)=C(\F)C(F)(F)F,"InChI=1S/C8HF10/c9-1-2(10)3(11)4(12)5(13)6(14)7(15)8(16,17)18/h1H/q-1/b3-2+,5-4-,7-6-",XDGZMAWLYHQYFG-BFLHYJCASA-N,N,Y,N,N,DOI:10.1021/acs.est.6b05843,
45,C7F11,292.983,"1,1,2,2,3,4,5,6,7,7,7-undecafluorohepta-3,5-dien-1-ide",F/C(C(\F)=C(\F)C(F)(F)[C-](F)F)=C(\F)C(F)(F)F,"InChI=1S/C7F11/c8-1(2(9)4(11)7(16,17)18)3(10)6(14,15)5(12)13/q-1/b3-1-,4-2-",COIOOYFHJBCADE-CCAGOZQPSA-N,N,Y,N,N,DOI:10.1021/acs.est.6b05843,
46,C5F10O3S,329.9419,"1,1,2,2,3,3,4,4,5,5-decafluoro-5-sulfonatopentyl",FC(F)(C(F)(F)S([O-])(=O)=O)C(F)(F)C(F)(F)C(F)F,"InChI=1S/C5HF10O3S/c6-1(7)2(8,9)3(10,11)4(12,13)5(14,15)19(16,17)18/h(H,16,17,18)/p-1",KFUVXNKYAKCSGC-UHFFFAOYSA-M,N,Y,N,Y,DOI:10.1021/acs.est.6b05843,
47,C7F13,330.9798,"1,1,2,2,3,3,4,4,5,6,7,7,7-tridecafluorohept-5-en-1-ide",F\C(=C(\F)C(F)(F)F)C(F)(F)C(F)(F)C(F)(F)[C-](F)F,"InChI=1S/C7F13/c8-1(2(9)6(16,17)18)4(12,13)7(19,20)5(14,15)3(10)11/q-1/b2-1+",XRHLKDFTUCZWON-OWOJBTEDSA-N,N,Y,N,N,DOI:10.1021/acs.est.6b05843,
48,C8F13,342.9798,"1,1,2,2,3,3,4,5,6,7,8,8,8-tridecafluoroocta-4,6-dien-1-ide",F/C(C(\F)=C(\F)C(F)(F)C(F)(F)[C-](F)F)=C(\F)C(F)(F)F,"InChI=1S/C8F13/c9-1(2(10)4(12)8(19,20)21)3(11)6(15,16)7(17,18)5(13)14/q-1/b3-1+,4-2+",LSVUCLRPIUMUAM-ZPUQHVIOSA-N,N,Y,N,N,DOI:10.1021/acs.est.6b05843,
49,C6F12O3S,379.9387,"1,1,2,2,3,3,4,4,5,5-decafluoro-5-sulfonatopentyl",FC(F)(C(F)(F)S([O-])(=O)=O)C(F)(F)C(F)(F)C(F)(F)C(F)F,"InChI=1S/C6HF12O3S/c7-1(8)2(9,10)3(11,12)4(13,14)5(15,16)6(17,18)22(19,20)21/h(H,19,20,21)/p-1",LFELKXAXFBYXBI-UHFFFAOYSA-M,N,Y,N,Y,DOI:10.1021/acs.est.6b05843,
50,C8F15,380.9766,"1,1,2,2,3,3,4,5,6,6,7,7,8,8,8-pentadecafluorooct-4-en-1-ide",FC(F)(C(\F)=C(\F)C(F)(F)C(F)(F)[C-](F)F)C(F)(F)C(F)(F)F,"InChI=1S/C8F15/c9-1(4(13,14)6(17,18)3(11)12)2(10)5(15,16)7(19,20)8(21,22)23/q-1/b2-1-",MLJJPBZHRHUMBC-UPHRSURJSA-N,N,Y,N,N,DOI:10.1021/acs.est.6b05843,
51,C8HF14O2,394.9758,"2,3,3,4,4,5,5,6,6,7,7,8,8,8-tetradecafluorooctanoate",FC(F)(C(F)C([O-])=O)C(F)(F)C(F)(F)C(F)(F)C(F)(F)C(F)(F)F,"InChI=1S/C8H2F14O2/c9-1(2(23)24)3(10,11)4(12,13)5(14,15)6(16,17)7(18,19)8(20,21)22/h1H,(H,23,24)/p-1",CLSJUWFCSPJRFC-UHFFFAOYSA-M,N,Y,N,N,DOI:10.1021/acs.est.6b05843,
52,C6HF13NO2S,397.9526,"1,1,2,2,3,3,4,4,5,5,6,6,6-tridecafluorohexane-1-sulfonimidate",FC(F)(C(F)(F)S([O-])(=N)=O)C(F)(F)C(F)(F)C(F)(F)C(F)(F)F,"InChI=1S/C6H2F13NO2S/c7-1(8,3(11,12)5(15,16)17)2(9,10)4(13,14)6(18,19)23(20,21)22/h(H2,20,21,22)/p-1",WDZLGCSJJWEQJO-UHFFFAOYSA-M,N,Y,N,N,DOI:10.1021/acs.est.6b05843,
53,C8H2F11O4S,402.9504,"2,3,3,4,4,5,5,6,8,8,8-undecafluoro-1-hydroxyocta-1,6-diene-1-sulfonate",F\C(=C(\O)S([O-])(=O)=O)C(F)(F)C(F)(F)C(F)(F)C(/F)=C/C(F)(F)F,"InChI=1S/C8H3F11O4S/c9-2(1-5(11,12)13)6(14,15)8(18,19)7(16,17)3(10)4(20)24(21,22)23/h1,20H,(H,21,22,23)/p-1/b2-1-,4-3-",WNGAKSQGIDNLMY-LOKDLIDFSA-M,N,Y,N,N,DOI:10.1021/acs.est.6b05843,
54,C7F13O3S,410.9366,"1,1,2,2,3,3,4,4,5,5,6,7,7-tridecafluorohept-6-ene-1-sulfonate",FC(F)(C(F)(F)S([O-])(=O)=O)C(F)(F)C(F)(F)C(F)(F)C(/F)=C(/F)F,"InChI=1S/C7HF13O3S/c8-1(2(9)10)3(11,12)4(13,14)5(15,16)6(17,18)7(19,20)24(21,22)23/h(H,21,22,23)/p-1",LUEFCYCPPJWQPE-UHFFFAOYSA-M,N,Y,N,N,DOI:10.1021/acs.est.6b05843,
55,C8F13O3S,422.9366,"1,1,2,2,3,3,4,5,6,7,8,8,8-tridecafluoroocta-4,6-diene-1-sulfonate",FC(F)(C(F)(F)S([O-])(=O)=O)C(F)(F)C(\F)=C(/F)C(/F)=C(\F)C(F)(F)F,"InChI=1S/C8HF13O3S/c9-1(2(10)4(12)6(15,16)17)3(11)5(13,14)7(18,19)8(20,21)25(22,23)24/h(H,22,23,24)/p-1/b3-1+,4-2+",DCAIAXSEPFERQK-ZPUQHVIOSA-M,N,Y,N,N,DOI:10.1021/acs.est.6b05843,
56,C8H2F13O3S,424.9523,"3,3,4,4,5,5,6,6,7,7,8,8,8-tridecafluorooct-1-ene-1-sulfonate",FC(F)(/C=C/S([O-])(=O)=O)C(F)(F)C(F)(F)C(F)(F)C(F)(F)C(F)(F)F,"InChI=1S/C8H3F13O3S/c9-3(10,1-2-25(22,23)24)4(11,12)5(13,14)6(15,16)7(17,18)8(19,20)21/h1-2H,(H,22,23,24)/p-1/b2-1+",DPLOQFIHXVSMMN-OWOJBTEDSA-M,N,Y,N,N,DOI:10.1021/acs.est.6b05843,
57,C9H5F13NO2S,437.9839,"1,1,2,2,3,3,4,4,5,5,6,6,6-tridecafluoro-N-(prop-2-en-1-yl)hexane-1-sulfonimidate",[O-]S(=O)(=NCC=C)C(F)(F)C(F)(F)C(F)(F)C(F)(F)C(F)(F)C(F)(F)F,"InChI=1S/C9H6F13NO2S/c1-2-3-23-26(24,25)9(21,22)7(16,17)5(12,13)4(10,11)6(14,15)8(18,19)20/h2H,1,3H2,(H,23,24,25)/p-1",YQAWJNHJOCKERE-UHFFFAOYSA-M,N,Y,N,N,DOI:10.1021/acs.est.6b05843,
58,C8HF14O3S,442.9428,"1,1,2,2,3,3,4,4,5,6,7,8,8,8-tetradecafluorooct-6-ene-1-sulfonate",FC(F)(C(F)(F)S([O-])(=O)=O)C(F)(F)C(F)(F)C(F)C(/F)=C(\F)C(F)(F)F,"InChI=1S/C8H2F14O3S/c9-1(3(11)5(14,15)16)2(10)4(12,13)6(17,18)7(19,20)8(21,22)26(23,24)25/h2H,(H,23,24,25)/p-1/b3-1+",WEEMQFRPHLWROF-HNQUOIGGSA-M,N,Y,N,N,DOI:10.1021/acs.est.6b05843,
59,C8H4F13O4S,442.9628,"3,3,4,4,5,5,6,6,7,7,8,8,8-tridecafluoro-2-hydroxyoctane-1-sulfonate",FC(F)(C(O)CS([O-])(=O)=O)C(F)(F)C(F)(F)C(F)(F)C(F)(F)C(F)(F)F,"InChI=1S/C8H5F13O4S/c9-3(10,2(22)1-26(23,24)25)4(11,12)5(13,14)6(15,16)7(17,18)8(19,20)21/h2,22H,1H2,(H,23,24,25)/p-1",HIURNVGOZFXYRH-UHFFFAOYSA-M,N,Y,N,N,DOI:10.1021/acs.est.6b05843,
60,C8F15O3S,460.9334,"1,1,2,2,3,3,4,4,5,5,6,7,8,8,8-pentadecafluorooct-6-ene-1-sulfonate",FC(F)(C(F)(F)S([O-])(=O)=O)C(F)(F)C(F)(F)C(F)(F)C(/F)=C(\F)C(F)(F)F,"InChI=1S/C8HF15O3S/c9-1(2(10)4(13,14)15)3(11,12)5(16,17)6(18,19)7(20,21)8(22,23)27(24,25)26/h(H,24,25,26)/p-1/b2-1+",OMZKAGKELPONGJ-OWOJBTEDSA-M,N,Y,N,N,DOI:10.1021/acs.est.6b05843,
61,C8H2F15O3S,462.9491,"1,1,2,2,3,3,4,4,5,5,6,7,8,8,8-pentadecafluorooctane-1-sulfonate",FC(F)(C(F)(F)S([O-])(=O)=O)C(F)(F)C(F)(F)C(F)(F)C(F)C(F)C(F)(F)F,"InChI=1S/C8H3F15O3S/c9-1(2(10)4(13,14)15)3(11,12)5(16,17)6(18,19)7(20,21)8(22,23)27(24,25)26/h1-2H,(H,24,25,26)/p-1",NMACUBGKSKIKSJ-UHFFFAOYSA-M,N,Y,N,N,DOI:10.1021/acs.est.6b05843,
62,C8F16O3S,479.9324,"1,1,2,2,3,3,4,4,5,5,6,6,7,7,8,8-hexadecafluoro-8-sulfonatooctyl",FC(F)(C(F)(F)S([O-])(=O)=O)C(F)(F)C(F)(F)C(F)(F)C(F)(F)C(F)(F)C(F)F,"InChI=1S/C8HF16O3S/c9-1(10)2(11,12)3(13,14)4(15,16)5(17,18)6(19,20)7(21,22)8(23,24)28(25,26)27/h(H,25,26,27)/p-1",NPSQOEZPSUBSBE-UHFFFAOYSA-M,N,Y,N,Y,DOI:10.1021/acs.est.6b05843,
63,C8HF16O3S,480.9396,"1,1,2,2,3,3,4,4,5,5,6,6,7,7,8,8-hexadecafluoro-8-sulfonatooctyl",FC(F)(C(F)(F)S([O-])(=O)=O)C(F)(F)C(F)(F)C(F)(F)C(F)C(F)(F)C(F)(F)F,"InChI=1S/C8H2F16O3S/c9-1(3(12,13)7(20,21)22)2(10,11)4(14,15)5(16,17)6(18,19)8(23,24)28(25,26)27/h1H,(H,25,26,27)/p-1",XXMHPSZRHMGXLA-UHFFFAOYSA-M,N,Y,N,N,DOI:10.1021/acs.est.6b05843,
64,C11H8F13O4S,482.9941,"3-(3,3,4,4,5,5,6,6,7,7,8,8,8-tridecafluorooctane-1-sulfonyl)propanoate",FC(F)(CCS(=O)(=O)CCC([O-])=O)C(F)(F)C(F)(F)C(F)(F)C(F)(F)C(F)(F)F,"InChI=1S/C11H9F13O4S/c12-6(13,2-4-29(27,28)3-1-5(25)26)7(14,15)8(16,17)9(18,19)10(20,21)11(22,23)24/h1-4H2,(H,25,26)/p-1",DJIXHYAJLARCOP-UHFFFAOYSA-M,N,Y,N,N,DOI:10.1021/acs.est.6b05843,
65,C11H12F13N2O2S,483.0417,"N-[3-(dimethylamino)propyl]-1,1,2,2,3,3,4,4,5,5,6,6,6-tridecafluorohexane-1-sulfonimidate",CN(C)CCCN=S(=O)([O-])C(F)(F)C(F)(F)C(F)(F)C(F)(F)C(F)(F)C(F)(F)F,"InChI=1S/C11H13F13N2O2S/c1-26(2)5-3-4-25-29(27,28)11(23,24)9(18,19)7(14,15)6(12,13)8(16,17)10(20,21)22/h3-5H2,1-2H3,(H,25,27,28)/p-1",REUFUYXSPAYARF-UHFFFAOYSA-M,N,Y,N,N,DOI:10.1021/acs.est.6b05843,
66,C12H14F13N2O2S,497.0579,unknown,NA,NA,NA,N,Y,N,Y,DOI:10.1021/acs.est.6b05843,
67,C12H14F13N2O3S,513.0523,unknown,NA,NA,NA,N,Y,N,N,DOI:10.1021/acs.est.6b05843,
68,C9H7F13NO5S2,519.9564,"3-[(1,1,2,2,3,3,4,4,5,5,6,6,6-tridecafluorohexane-1-sulfonyl)amino]propane-1-sulfonate",O=S(=O)(NCCCS(=O)(=O)[O-])C(F)(F)C(F)(F)C(F)(F)C(F)(F)C(F)(F)C(F)(F)F,"InChI=1S/C9H8F13NO5S2/c10-4(11,6(14,15)8(18,19)20)5(12,13)7(16,17)9(21,22)30(27,28)23-2-1-3-29(24,25)26/h23H,1-3H2,(H,24,25,26)/p-1",IFYYQLFVVGOIPH-UHFFFAOYSA-M,N,Y,N,N,DOI:10.1021/acs.est.6b05843,
69,C8F19O2S,520.9321,"2,2,3,3,4,4,5,5,6,6,7,7,8,8-tetradecafluoro-8-(pentafluoro-?6-sulfanyl)octanoate",FC(F)(C(F)(F)C(F)(F)C(F)(F)C(F)(F)C(F)(F)C(F)(F)C([O-])=O)S(F)(F)(F)(F)F,"InChI=1S/C8HF19O2S/c9-2(10,1(28)29)3(11,12)4(13,14)5(15,16)6(17,18)7(19,20)8(21,22)30(23,24,25,26)27/h(H,28,29)/p-1",AJBZTNALOBRIRR-UHFFFAOYSA-M,N,Y,N,N,DOI:10.1021/acs.est.6b05843,
70,C15H20F13N2O4S,571.0942,unknown,NA,NA,NA,N,Y,N,N,DOI:10.1021/acs.est.6b05843,
71,C15H20F13N2O5S,587.0891,unknown,NA,NA,NA,N,Y,N,N,DOI:10.1021/acs.est.6b05843,
72,C14H18F13N2O5S2,605.0455,NA,[O-]S(=O)(=O)CCC[N+](C)(C)CCCN=S([O-])(=O)C(F)(F)C(F)(F)C(F)(F)C(F)(F)C(F)(F)C(F)(F)F,"InChI=1S/C14H19F13N2O5S2/c1-29(2,7-4-8-35(30,31)32)6-3-5-28-36(33,34)14(26,27)12(21,22)10(17,18)9(15,16)11(19,20)13(23,24)25/h3-8H2,1-2H3,(H-,28,30,31,32,33,34)/p-1",LWMBJMDPHJXJBE-UHFFFAOYSA-M,N,Y,N,N,DOI:10.1021/acs.est.6b05843,
73,C8F21O3S2,606.8959,"1,1,2,2,3,3,4,4,5,5,6,6,7,7,8,8-hexadecafluoro-8-(pentafluoro-?6-sulfanyl)octane-1-sulfonate",FC(F)(C(F)(F)C(F)(F)C(F)(F)C(F)(F)C(F)(F)C(F)(F)C(F)(F)S([O-])(=O)=O)S(F)(F)(F)(F)F,"InChI=1S/C8HF21O3S2/c9-1(10,3(13,14)5(17,18)7(21,22)33(30,31)32)2(11,12)4(15,16)6(19,20)8(23,24)34(25,26,27,28)29/h(H,30,31,32)/p-1",PTFLVXXNVSLTOC-UHFFFAOYSA-M,N,Y,N,N,DOI:10.1021/acs.est.6b05843,
74,C14H18F13N2O6S2,621.0404,NA,[O-]S(=O)(=O)CC(O)C[N+](C)(C)CCCN=S([O-])(=O)C(F)(F)C(F)(F)C(F)(F)C(F)(F)C(F)(F)C(F)(F)F,"InChI=1S/C14H19F13N2O6S2/c1-29(2,6-8(30)7-36(31,32)33)5-3-4-28-37(34,35)14(26,27)12(21,22)10(17,18)9(15,16)11(19,20)13(23,24)25/h8,30H,3-7H2,1-2H3,(H-,28,31,32,33,34,35)/p-1",XUKRYIXWIZWDHP-UHFFFAOYSA-M,N,Y,N,N,DOI:10.1021/acs.est.6b05843,
75,C16H20F13N2O7S2,663.051,NA,[O-]S(=O)(=O)CCC[N+](C)(C)CCCN(CC([O-])=O)S(=O)(=O)C(F)(F)C(F)(F)C(F)(F)C(F)(F)C(F)(F)C(F)(F)F,"InChI=1S/C16H21F13N2O7S2/c1-31(2,7-4-8-39(34,35)36)6-3-5-30(9-10(32)33)40(37,38)16(28,29)14(23,24)12(19,20)11(17,18)13(21,22)15(25,26)27/h3-9H2,1-2H3,(H-,32,33,34,35,36)/p-1",ULXXTBSQAWPGEP-UHFFFAOYSA-M,N,Y,N,N,DOI:10.1021/acs.est.6b05843,
76,C17H24F13N2O8S3,727.0493,NA,[O-]S(=O)(=O)CC(O)C[N+](C)(C)CCCN(CCCS([O-])(=O)=O)S(=O)(=O)C(F)(F)C(F)(F)C(F)(F)C(F)(F)C(F)(F)C(F)(F)F,"InChI=1S/C17H25F13N2O9S3/c1-32(2,9-11(33)10-43(37,38)39)7-3-5-31(6-4-8-42(34,35)36)44(40,41)17(29,30)15(24,25)13(20,21)12(18,19)14(22,23)16(26,27)28/h11,33H,3-10H2,1-2H3,(H-,34,35,36,37,38,39)/p-1",CADQHTPHJVOMQH-UHFFFAOYSA-M,N,Y,N,N,DOI:10.1021/acs.est.6b05843,
77,C17H24F13N2O10S3,759.0391,NA,[O-]S(=O)(=O)CC(O)CN(CCC[N+](C)(C)CC(O)CS([O-])(=O)=O)S(=O)(=O)C(F)(F)C(F)(F)C(F)(F)C(F)(F)C(F)(F)C(F)(F)F,"InChI=1S/C17H25F13N2O10S3/c1-32(2,7-11(34)9-44(38,39)40)5-3-4-31(6-10(33)8-43(35,36)37)45(41,42)17(29,30)15(24,25)13(20,21)12(18,19)14(22,23)16(26,27)28/h10-11,33-34H,3-9H2,1-2H3,(H-,35,36,37,38,39,40)/p-1",HQILQIXAHVRCNF-UHFFFAOYSA-M,N,Y,N,N,DOI:10.1021/acs.est.6b05843,
78,C3H8N,58.0651,"N,N-dimethylmethaniminium",C=[N+](C)C,"InChI=1S/C3H8N/c1-4(2)3/h1H2,2-3H3/q+1",HYHSFFFCLDOXCJ-UHFFFAOYSA-N,N,Y,P,N,DOI:10.1021/acs.est.6b05843,
79,C3H9N,59.0735,"N,N-dimethylmethanamine",C[N+](C)C,InChI=1S/C3H9N/c1-4(2)3/h1-3H3/q+1,INXJOSXEHHMQQF-UHFFFAOYSA-N,N,Y,P,Y,DOI:10.1021/acs.est.6b05843,
80,C3H10N,60.0808,"N,N-dimethylmethanaminium",C[NH+](C)C,InChI=1S/C3H9N/c1-4(2)3/h1-3H3/p+1,GETQZCLCWQTVFV-UHFFFAOYSA-O,N,Y,P,N,DOI:10.1021/acs.est.6b05843,
81,C4H8N,70.0651,N-ethenyl-N-methylmethaniminium,C=C[N+](=C)C,"InChI=1S/C4H8N/c1-4-5(2)3/h4H,1-2H2,3H3/q+1",JXDMWZNCMAYHNB-UHFFFAOYSA-N,N,Y,P,N,DOI:10.1021/acs.est.6b05843,
82,C4H9N,71.0735,2-{[(1Z)-ethylidene]azaniumyl}ethyl,C\C=[NH+]/CC,"InChI=1S/C4H8N/c1-3-5-4-2/h4H,1,3H2,2H3/p+1/b5-4-",BLOYVGUIUMZREW-PLNGDYQASA-O,N,Y,P,Y,DOI:10.1021/acs.est.6b05843,
83,C4H10N,72.0808,"N,N-dimethylethenaminium",C=C[NH+](C)C,"InChI=1S/C4H9N/c1-4-5(2)3/h4H,1H2,2-3H3/p+1",NINOYJQVULROET-UHFFFAOYSA-O,N,Y,P,N,DOI:10.1021/acs.est.6b05843,
84,C4H11N,73.0891,(trimethylazaniumyl)methyl,C[N+](C)(C)C,"InChI=1S/C4H11N/c1-5(2,3)4/h1H2,2-4H3/q+1",ICMVWCDSYWPILR-UHFFFAOYSA-N,N,Y,P,Y,DOI:10.1021/acs.est.6b05843,
85,C5H10N,84.0808,N-methyl-N-(prop-2-en-1-yl)methaniminium,C=[N+](C)CC=C,"InChI=1S/C5H10N/c1-4-5-6(2)3/h4H,1-2,5H2,3H3/q+1",VANUGHFFEOAIOW-UHFFFAOYSA-N,N,Y,P,N,DOI:10.1021/acs.est.6b05843,
86,C5H11N,85.0891,[ethenyl(dimethyl)azaniumyl]methyl,C=C[N+](C)(C)C,"InChI=1S/C5H11N/c1-5-6(2,3)4/h5H,1-2H2,3-4H3/q+1",LCBRXUGRGGWIPL-UHFFFAOYSA-N,N,Y,P,Y,DOI:10.1021/acs.est.6b05843,
87,C5H12N,86.097,"N,N,N-trimethylethenaminium",C=C[N+](C)(C)C,"InChI=1S/C5H12N/c1-5-6(2,3)4/h5H,1H2,2-4H3/q+1",PPJWCUOWPVSSSW-UHFFFAOYSA-N,N,Y,P,Y,DOI:10.1021/acs.est.6b05843,
88,C5H13N,87.1048,"N,N-dimethylethenaminium",CCC[NH+](C)C,"InChI=1S/C5H12N/c1-4-5-6(2)3/h1,4-5H2,2-3H3/p+1",DQWDROQREMIGLE-UHFFFAOYSA-O,N,Y,P,Y,DOI:10.1021/acs.est.6b05843,
89,C4H12NO,90.0913,"2-hydroxy-N,N-dimethylethan-1-aminium",C[NH+](C)CCO,"InChI=1S/C4H11NO/c1-5(2)3-4-6/h6H,3-4H2,1-2H3/p+1",UEEJHVSXFDXPFK-UHFFFAOYSA-O,N,Y,P,N,DOI:10.1021/acs.est.6b05843,
90,C6H12N,98.0964,"N-ethenyl-N,N-dimethylethenaminium",C[NH+](C)CCO,"InChI=1S/C6H12N/c1-5-7(3,4)6-2/h5-6H,1-2H2,3-4H3/q+1",YTRPDSQEPGIYIP-UHFFFAOYSA-N,N,Y,P,N,DOI:10.1021/acs.est.6b05843,
91,C5H11N2,99.0917,"3-imino-N,N-dimethylpropan-1-iminium",C/[N+](C)=C\CC=N,"InChI=1S/C5H11N2/c1-7(2)5-3-4-6/h4-6H,3H2,1-2H3/q+1",PXEJHJUKEHNREH-UHFFFAOYSA-N,N,Y,P,N,DOI:10.1021/acs.est.6b05843,
92,C5H12NO,102.0913,N-(2-hydroxypropyl)-N-methylmethaniminium,C=[N+](C)CC(C)O,"InChI=1S/C5H12NO/c1-5(7)4-6(2)3/h5,7H,2,4H2,1,3H3/q+1",VCOZAAPSZPSMGZ-UHFFFAOYSA-N,N,Y,P,N,DOI:10.1021/acs.est.6b05843,
93,C4H10NO2,104.0706,"carboxy-N,N-dimethylmethanaminium",C[NH+](C)CC(=O)O,"InChI=1S/C4H9NO2/c1-5(2)3-4(6)7/h3H2,1-2H3,(H,6,7)/p+1",FFDGPVCHZBVARC-UHFFFAOYSA-O,N,Y,P,N,DOI:10.1021/acs.est.6b05843,
94,C5H10NO2,116.0706,N-(carboxymethyl)-N-ethylmethaniminium,C=[N+](CC)CC(=O)O,"InChI=1S/C5H9NO2/c1-3-6(2)4-5(7)8/h2-4H2,1H3/p+1",DSHUMQFIFKUZTD-UHFFFAOYSA-O,N,Y,P,N,DOI:10.1021/acs.est.6b05843,
95,C6H14NO,116.107,"N,N,N-trimethyl-2-oxopropan-1-aminium",C[N+](C)(C)CC(C)=O,"InChI=1S/C6H14NO/c1-6(8)5-7(2,3)4/h5H2,1-4H3/q+1",LFWNPKYGVKNNAB-UHFFFAOYSA-N,N,Y,P,N,DOI:10.1021/acs.est.6b05843,
96,C6H14NO,116.107,"N-(2-hydroxyethyl)-N,N-dimethylethenaminium",C=C[N+](C)(C)CCO,"InChI=1S/C6H14NO/c1-4-7(2,3)5-6-8/h4,8H,1,5-6H2,2-3H3/q+1",HFPQPIXNUBINSG-UHFFFAOYSA-N,N,Y,P,N,DOI:10.1021/acs.est.6b05843,
97,C6H16N2,116.1313,[3-(trimethylazaniumyl)propyl]amino,C[N+](C)(C)CCCN,"InChI=1S/C6H16N2/c1-8(2,3)6-4-5-7/h7H,4-6H2,1-3H3/q+1",OBTWSXBOWZYZJG-UHFFFAOYSA-N,N,Y,P,Y,DOI:10.1021/acs.est.6b05843,
98,C4H7FNO2,120.0455,(E)-N-(carboxymethyl)(fluoro)-N-methylmethaniminium,F\C=[N+](/C)CC(=O)O,"InChI=1S/C4H6FNO2/c1-6(3-5)2-4(7)8/h3H,2H2,1H3/p+1/b6-3+",VKBZGWHYAUQDLW-ZZXKWVIFSA-O,N,Y,P,N,DOI:10.1021/acs.est.6b05843,
99,C3H7O3S,123.011,3-sulfoprop-1-ylium,[CH2+]CCS(=O)(=O)O,"InChI=1S/C3H6O3S/c1-2-3-7(4,5)6/h1-3H2/p+1",WSUNSQZGODPNNI-UHFFFAOYSA-O,N,Y,P,N,DOI:10.1021/acs.est.6b05843,
100,C8H18N,128.1434,"N,N-dimethyl-N-propylprop-2-en-1-aminium",C=CC[N+](C)(C)CCC,"InChI=1S/C8H18N/c1-5-7-9(3,4)8-6-2/h5H,1,6-8H2,2-4H3/q+1",GWMFSRUXWIPWKW-UHFFFAOYSA-N,N,Y,P,N,DOI:10.1021/acs.est.6b05843,
101,C6H11NO2,129.079,N-(2-carboxyethyl)propan-1-iminium,CC\C=[N+]/CCC(=O)O,"InChI=1S/C6H11NO2/c1-2-4-7-5-3-6(8)9/h4H,2-3,5H2,1H3,(H,8,9)/q+1",AJTNUJNJKAGRGK-UHFFFAOYSA-N,N,Y,P,Y,DOI:10.1021/acs.est.6b05843,
102,C7H17N2,129.1386,"N,N,N-trimethyl-3-(methylideneamino)propan-1-aminium",C[N+](C)(C)CCCN=C,"InChI=1S/C7H17N2/c1-8-6-5-7-9(2,3)4/h1,5-7H2,2-4H3/q+1",FUNQVGSVKVXHQT-UHFFFAOYSA-N,N,Y,P,N,DOI:10.1021/acs.est.6b05843,
103,C7H18N2,130.147,methyl[3-(trimethylazaniumyl)propyl]amino,C[N+](C)(C)CCCNC,"InChI=1S/C7H18N2/c1-8-6-5-7-9(2,3)4/h5-7H2,1-4H3/q+1",IFZUXTOWHYGTFH-UHFFFAOYSA-N,N,Y,P,Y,DOI:10.1021/acs.est.6b05843,
104,C6H15N2O,131.1179,"2-hydroxy-3-imino-N,N,N-trimethylpropan-1-aminium",C[N+](C)(C)CC(O)C=N,"InChI=1S/C6H15N2O/c1-8(2,3)5-6(9)4-7/h4,6-7,9H,5H2,1-3H3/q+1",FQCRCNDQKWBFMM-UHFFFAOYSA-N,N,Y,P,N,DOI:10.1021/acs.est.6b05843,
105,C7H12FN2,143.0979,"(1E,3E)-N-ethenyl-3-(fluoroimino)-N,N-dimethylprop-1-en-1-aminium",C[N+](C)(C=C)/C=C/C=N/F,"InChI=1S/C7H12FN2/c1-4-10(2,3)7-5-6-9-8/h4-7H,1H2,2-3H3/q+1/b7-5+,9-6+",UOTYSAYFPANLNI-PDTNFJSOSA-N,N,Y,P,N,DOI:10.1021/acs.est.6b05843,
106,C8H19N2,143.1543,"N-(3-aminopropyl)-N,N-dimethylprop-2-en-1-aminium",C[N+](C)(CC=C)CCCN,"InChI=1S/C8H19N2/c1-4-7-10(2,3)8-5-6-9/h4H,1,5-9H2,2-3H3/q+1",MARTZABHRGCWDE-UHFFFAOYSA-N,N,Y,P,N,DOI:10.1021/acs.est.6b05843,
107,C7H17N2O,145.1335,"N-(2-hydroxyethyl)-3-imino-N,N-dimethylpropan-1-aminium",C[N+](C)(CCC=N)CCO,"InChI=1S/C7H17N2O/c1-9(2,6-7-10)5-3-4-8/h4,8,10H,3,5-7H2,1-2H3/q+1",KOAJTGPBHOACSD-UHFFFAOYSA-N,N,Y,P,N,DOI:10.1021/acs.est.6b05843,
108,C8H19N2O,159.1492,"2-hydroxy-N-(3-iminopropyl)-N,N-dimethylpropan-1-aminium",C[N+](C)(CCC=N)CC(C)O,"InChI=1S/C8H19N2O/c1-8(11)7-10(2,3)6-4-5-9/h5,8-9,11H,4,6-7H2,1-3H3/q+1",GAFSQCVEPRNXJJ-UHFFFAOYSA-N,N,Y,P,N,DOI:10.1021/acs.est.6b05843,
109,C5H12NO3S,166.0532,"(2E)-N,N-dimethyl-3-sulfoprop-2-en-1-aminium",C[NH+](C)C\C=C\S(=O)(=O)O,"InChI=1S/C5H11NO3S/c1-6(2)4-3-5-10(7,8)9/h3,5H,4H2,1-2H3,(H,7,8,9)/p+1/b5-3+",ZHPXUCUZQZHHKR-HWKANZROSA-O,N,Y,P,N,DOI:10.1021/acs.est.6b05843,
110,C5H14NO3S,168.0689,"N,N-dimethyl-3-sulfopropan-1-aminium",C[NH+](C)CCCS(=O)(=O)O,"InChI=1S/C5H13NO3S/c1-6(2)4-3-5-10(7,8)9/h3-5H2,1-2H3,(H,7,8,9)/p+1",GYJNVSAUBGJVLV-UHFFFAOYSA-O,N,Y,P,N,DOI:10.1021/acs.est.6b05843,
111,C8H15N2O2,171.1128,"(1E,3Z)-3-[(2-carboxyethyl)imino]-N,N-dimethylprop-1-en-1-aminium",O=C(O)CC/N=C\C=C\[NH+](C)C,"InChI=1S/C8H14N2O2/c1-10(2)7-3-5-9-6-4-8(11)12/h3,5,7H,4,6H2,1-2H3,(H,11,12)/p+1/b7-3+,9-5-",FRBABOJFQQNXTF-FSIVZHEYSA-O,N,Y,P,N,DOI:10.1021/acs.est.6b05843,
112,C6H13NO3S,179.0616,(2E)-3-(dimethylamino)but-2-ene-1-sulfonic acid,C/C(=C\CS(=O)(=O)O)[NH+](C)C,"InChI=1S/C6H13NO3S/c1-6(7(2)3)4-5-11(8,9)10/h4H,5H2,1-3H3,(H,8,9,10)/q+1",WJKPEZLYTCGCAS-UHFFFAOYSA-N,N,Y,P,Y,DOI:10.1021/acs.est.6b05843,
113,C5H14NO4S,184.0638,"2-hydroxy-N,N-dimethyl-3-sulfopropan-1-aminium",OC(C[NH+](C)C)CS(=O)(=O)O,"InChI=1S/C5H13NO4S/c1-6(2)3-5(7)4-11(8,9)10/h5,7H,3-4H2,1-2H3,(H,8,9,10)/p+1",WCSAPKHLAQFSIW-UHFFFAOYSA-O,N,Y,P,N,DOI:10.1021/acs.est.6b05843,
114,C10H21N2O,185.1648,"N-{3-[(Z)-(2-hydroxyethylidene)amino]propyl}-N,N-dimethylprop-2-en-1-aminium",C[N+](C)(CCC\N=C/CO)CC=C,"InChI=1S/C10H21N2O/c1-4-8-12(2,3)9-5-6-11-7-10-13/h4,7,13H,1,5-6,8-10H2,2-3H3/q+1/b11-7-",IFQWRQCRFJTYEJ-XFFZJAGNSA-N,N,Y,P,N,DOI:10.1021/acs.est.6b05843,
115,C7H16NO3S,194.0845,"N-ethenyl-N,N-dimethyl-3-sulfopropan-1-aminium",C[N+](C)(CCCS(=O)(=O)O)C=C,"InChI=1S/C7H15NO3S/c1-4-8(2,3)6-5-7-12(9,10)11/h4H,1,5-7H2,2-3H3/p+1",BHIKMGJZWSYUBD-UHFFFAOYSA-O,N,Y,P,N,DOI:10.1021/acs.est.6b05843,
116,C6H16NO4S,198.0795,N-(2-hydroxyethyl)-N-methyl-3-sulfopropan-1-aminium,C[NH+](CCCS(=O)(=O)O)CCO,"InChI=1S/C6H15NO4S/c1-7(4-5-8)3-2-6-12(9,10)11/h8H,2-6H2,1H3,(H,9,10,11)/p+1",LDRXKBOBBCTASD-UHFFFAOYSA-O,N,Y,P,N,DOI:10.1021/acs.est.6b05843,
117,C9H21N2O3S,237.1267,"N,N-dimethyl-3-(methylideneamino)-N-(3-sulfopropyl)propan-1-aminium",C[N+](C)(CCCS(=O)(=O)O)CCCN=C,"InChI=1S/C9H20N2O3S/c1-10-6-4-7-11(2,3)8-5-9-15(12,13)14/h1,4-9H2,2-3H3/p+1",VLSDGXOGKURQLA-UHFFFAOYSA-O,N,Y,P,N,DOI:10.1021/acs.est.6b05843,
118,C10H23N2O3S,251.1424,"N-ethyl-N,N-dimethyl-3-[(E)-(3-sulfopropylidene)amino]propan-1-aminium",O=S(=O)(O)CC\C=N\CCC[N+](C)(C)CC,"InChI=1S/C10H22N2O3S/c1-4-12(2,3)9-5-7-11-8-6-10-16(13,14)15/h8H,4-7,9-10H2,1-3H3/p+1/b11-8+",YQFIRWULRCEFKZ-DHZHZOJOSA-O,N,Y,P,N,DOI:10.1021/acs.est.6b05843,
119,C9H21N2O4S,253.1217,"3-[(Z)-(2-hydroxy-3-sulfopropylidene)amino]-N,N,N-trimethylpropan-1-aminium",OC(\C=N/CCC[N+](C)(C)C)CS(=O)(=O)O,"InChI=1S/C9H20N2O4S/c1-11(2,3)6-4-5-10-7-9(12)8-16(13,14)15/h7,9,12H,4-6,8H2,1-3H3/p+1/b10-7-",IULVDEQCVRHUMS-YFHOEESVSA-O,N,Y,P,N,DOI:10.1021/acs.est.6b05843,
120,C11H23N2O4S,279.1373,"N-{3-[(Z)-(2-hydroxy-3-sulfopropylidene)amino]propyl}-N,N-dimethylprop-2-en-1-aminium",OC(\C=N/CCC[N+](C)(C)CC=C)CS(=O)(=O)O,"InChI=1S/C11H22N2O4S/c1-4-7-13(2,3)8-5-6-12-9-11(14)10-18(15,16)17/h4,9,11,14H,1,5-8,10H2,2-3H3/p+1/b12-9-",SEDNSKHGRRISPK-XFXZXTDPSA-O,N,Y,P,N,DOI:10.1021/acs.est.6b05843,
121,C5H3F9NO2S,311.9735,"N-(1,1,2,2,3,3,4,4,4-nonafluorobutane-1-sulfonyl)methaniminium",FC(F)(C(F)(F)C(F)(F)C(F)(F)F)S(=O)(=O)[NH+]=C,"InChI=1S/C5H2F9NO2S/c1-15-18(16,17)5(13,14)3(8,9)2(6,7)4(10,11)12/h1H2/p+1",SOUUICIEFQHVTQ-UHFFFAOYSA-O,N,Y,P,N,DOI:10.1021/acs.est.6b05843,
122,C7H3F13N,348.0052,N-(tridecafluorohexyl)methaniminium,FC(F)(C(F)(F)C(F)(F)C(F)(F)C(F)(F)F)C(F)(F)[NH+]=C,"InChI=1S/C7H2F13N/c1-21-7(19,20)5(14,15)3(10,11)2(8,9)4(12,13)6(16,17)18/h1H2/p+1",MXUKAYYHZOVCTC-UHFFFAOYSA-O,N,Y,P,N,DOI:10.1021/acs.est.6b05843,
123,C8H7F9NO2S,352.0048,"1,1,2,2,3,3,4,4,4-nonafluoro-N-methyl-N-(prop-2-en-1-yl)butane-1-sulfonamide",FC(F)(C(F)(F)C(F)(F)C(F)(F)F)S(=O)(=O)N(C)CC=C,"InChI=1S/C8H8F9NO2S/c1-3-4-18(2)21(19,20)8(16,17)6(11,12)5(9,10)7(13,14)15/h3H,1,4H2,2H3",NKLBUQCIDPTZGK-UHFFFAOYSA-N,N,Y,P,N,DOI:10.1021/acs.est.6b05843,
124,C7H5F9NO4S,369.979,"N-(carboxymethyl)-N-(1,1,2,2,3,3,4,4,4-nonafluorobutane-1-sulfonyl)methaniminium",OC(=O)C[N+](=C)S(=O)(=O)C(F)(F)C(F)(F)C(F)(F)C(F)(F)F,"InChI=1S/C7H4F9NO4S/c1-17(2-3(18)19)22(20,21)7(15,16)5(10,11)4(8,9)6(12,13)14/h1-2H2/p+1",YPSDAUIGSZXAAQ-UHFFFAOYSA-O,N,Y,P,N,DOI:10.1021/acs.est.6b05843,
125,C10H9F13N,390.0522,"3,3,4,4,5,5,6,6,7,7,8,8,8-tridecafluoro-N,N-dimethyloctan-1-iminium",FC(F)(C(F)(F)C(F)(F)F)C(F)(F)C(F)(F)C(F)(F)C\C=[N+](\C)C,"InChI=1S/C10H9F13N/c1-24(2)4-3-5(11,12)6(13,14)7(15,16)8(17,18)9(19,20)10(21,22)23/h4H,3H2,1-2H3/q+1",JTKLDIONVHGWDO-UHFFFAOYSA-N,N,Y,P,N,DOI:10.1021/acs.est.6b05843,
126,C7H3F13NO2S,411.9671,"N-(1,1,2,2,3,3,4,4,5,5,6,6,6-tridecafluorohexane-1-sulfonyl)methaniminium",FC(F)(C(F)(F)C(F)(F)C(F)(F)C(F)(F)C(F)(F)F)S(=O)(=O)[NH+]=C,"InChI=1S/C7H2F13NO2S/c1-21-24(22,23)7(19,20)5(14,15)3(10,11)2(8,9)4(12,13)6(16,17)18/h1H2/p+1",MQGJDXVTRVBVMW-UHFFFAOYSA-O,N,Y,P,N,DOI:10.1021/acs.est.6b05843,
127,C8H5F13NO2S,425.9828,"(1E)-N-(1,1,2,2,3,3,4,4,5,5,6,6,6-tridecafluorohexane-1-sulfonyl)ethaniminium",FC(F)(C(F)(F)C(F)(F)C(F)(F)C(F)(F)C(F)(F)F)S(=O)(=O)\[NH+]=C\C,"InChI=1S/C8H4F13NO2S/c1-2-22-25(23,24)8(20,21)6(15,16)4(11,12)3(9,10)5(13,14)7(17,18)19/h2H,1H3/p+1/b22-2+",ZXWCWXFAQWALHA-QOABUSIESA-O,N,Y,P,N,DOI:10.1021/acs.est.6b05843,
128,C9H5F13NO2S,437.9828,"(1E)-N-(1,1,2,2,3,3,4,4,5,5,6,6,6-tridecafluorohexane-1-sulfonyl)prop-2-en-1-iminium",C=C\C=[NH+]\S(=O)(=O)C(F)(F)C(F)(F)C(F)(F)C(F)(F)C(F)(F)C(F)(F)F,"InChI=1S/C9H4F13NO2S/c1-2-3-23-26(24,25)9(21,22)7(16,17)5(12,13)4(10,11)6(14,15)8(18,19)20/h2-3H,1H2/p+1/b23-3+",HJCDRIBNNRBUTL-LTGYVZTRSA-O,N,Y,P,N,DOI:10.1021/acs.est.6b05843,
129,C9H7F13NO2S,439.9984,"1,1,2,2,3,3,4,4,5,5,6,6,6-tridecafluoro-N-(prop-2-en-1-yl)hexane-1-sulfonamide",FC(F)(C(F)(F)C(F)(F)C(F)(F)C(F)(F)C(F)(F)F)S(=O)(=O)NCC=C,"InChI=1S/C9H6F13NO2S/c1-2-3-23-26(24,25)9(21,22)7(16,17)5(12,13)4(10,11)6(14,15)8(18,19)20/h2,23H,1,3H2",OEYYQKXFSDVKJI-UHFFFAOYSA-N,N,Y,P,N,DOI:10.1021/acs.est.6b05843,
130,C12H13F13NO2,450.0733,"N-(carboxymethyl)-3,3,4,4,5,5,6,6,7,7,8,8,8-tridecafluoro-N,N-dimethyloctan-1-aminium",C[N+](C)(CCC(F)(F)C(F)(F)C(F)(F)C(F)(F)C(F)(F)C(F)(F)F)CC(=O)O,"InChI=1S/C12H12F13NO2/c1-26(2,5-6(27)28)4-3-7(13,14)8(15,16)9(17,18)10(19,20)11(21,22)12(23,24)25/h3-5H2,1-2H3/p+1",GAEUOVYQCKBCJA-UHFFFAOYSA-O,N,Y,P,N,DOI:10.1021/acs.est.6b05843,
131,C10H7F13NO2S,451.9984,"N-(prop-2-en-1-yl)-N-(1,1,2,2,3,3,4,4,5,5,6,6,6-tridecafluorohexane-1-sulfonyl)methaniminium",C=CC[N+](=C)S(=O)(=O)C(F)(F)C(F)(F)C(F)(F)C(F)(F)C(F)(F)C(F)(F)F,"InChI=1S/C10H7F13NO2S/c1-3-4-24(2)27(25,26)10(22,23)8(17,18)6(13,14)5(11,12)7(15,16)9(19,20)21/h3H,1-2,4H2/q+1",HJQMDAVVSJTURM-UHFFFAOYSA-N,N,Y,P,N,DOI:10.1021/acs.est.6b05843,
132,C10H9F13NO2S,454.0141,"3-[methyl(1,1,2,2,3,3,4,4,5,5,6,6,6-tridecafluorohexane-1-sulfonyl)amino]prop-1-ylium",FC(F)(C(F)(F)C(F)(F)C(F)(F)C(F)(F)C(F)(F)F)S(=O)(=O)N(C)CC[CH2+],"InChI=1S/C10H9F13NO2S/c1-3-4-24(2)27(25,26)10(22,23)8(17,18)6(13,14)5(11,12)7(15,16)9(19,20)21/h1,3-4H2,2H3/q+1",JOMJZZNZUWYREL-UHFFFAOYSA-N,N,Y,P,N,DOI:10.1021/acs.est.6b05843,
133,C9H7F13NO3S,455.9934,"N-(2-hydroxyethyl)-N-(1,1,2,2,3,3,4,4,5,5,6,6,6-tridecafluorohexane-1-sulfonyl)methaniminium",OCC[N+](=C)S(=O)(=O)C(F)(F)C(F)(F)C(F)(F)C(F)(F)C(F)(F)C(F)(F)F,"InChI=1S/C9H7F13NO3S/c1-23(2-3-24)27(25,26)9(21,22)7(16,17)5(12,13)4(10,11)6(14,15)8(18,19)20/h24H,1-3H2/q+1",XLBWNPRRPUSISG-UHFFFAOYSA-N,N,Y,P,N,DOI:10.1021/acs.est.6b05843,
134,C14H17F13NO2,478.1046,"N-(carboxymethyl)-5,5,6,6,7,7,8,8,9,9,10,10,10-tridecafluoro-N,N-dimethyldecan-1-aminium",C[N+](C)(CCCCC(F)(F)C(F)(F)C(F)(F)C(F)(F)C(F)(F)C(F)(F)F)CC(=O)O,"InChI=1S/C14H16F13NO2/c1-28(2,7-8(29)30)6-4-3-5-9(15,16)10(17,18)11(19,20)12(21,22)13(23,24)14(25,26)27/h3-7H2,1-2H3/p+1",MJLPBBJRGAKZKE-UHFFFAOYSA-O,N,Y,P,N,DOI:10.1021/acs.est.6b05843,
135,C11H12F13N2O2S,483.0406,"N,N-dimethyl-3-[(1,1,2,2,3,3,4,4,5,5,6,6,6-tridecafluorohexane-1-sulfonyl)amino]propan-1-iminium",C\[N+](C)=C\CCNS(=O)(=O)C(F)(F)C(F)(F)C(F)(F)C(F)(F)C(F)(F)C(F)(F)F,"InChI=1S/C11H12F13N2O2S/c1-26(2)5-3-4-25-29(27,28)11(23,24)9(18,19)7(14,15)6(12,13)8(16,17)10(20,21)22/h5,25H,3-4H2,1-2H3/q+1",VFJFGNIVQKAAAD-UHFFFAOYSA-N,N,Y,P,N,DOI:10.1021/acs.est.6b05843,
136,C11H14F13N2O2S,485.0563,"N,N-dimethyl-3-[(1,1,2,2,3,3,4,4,5,5,6,6,6-tridecafluorohexane-1-sulfonyl)amino]propan-1-aminium",C[NH+](C)CCCNS(=O)(=O)C(F)(F)C(F)(F)C(F)(F)C(F)(F)C(F)(F)C(F)(F)F,"InChI=1S/C11H13F13N2O2S/c1-26(2)5-3-4-25-29(27,28)11(23,24)9(18,19)7(14,15)6(12,13)8(16,17)10(20,21)22/h25H,3-5H2,1-2H3/p+1",INDOGKYZYLAGEM-UHFFFAOYSA-O,N,Y,P,N,DOI:10.1021/acs.est.6b05843,
137,C12H14F13N2O2S,497.0563,"N-ethenyl-N-methyl-3-[(1,1,2,2,3,3,4,4,5,5,6,6,6-tridecafluorohexane-1-sulfonyl)amino]propan-1-aminium",C[NH+](CCCNS(=O)(=O)C(F)(F)C(F)(F)C(F)(F)C(F)(F)C(F)(F)C(F)(F)F)C=C,"InChI=1S/C12H13F13N2O2S/c1-3-27(2)6-4-5-26-30(28,29)12(24,25)10(19,20)8(15,16)7(13,14)9(17,18)11(21,22)23/h3,26H,1,4-6H2,2H3/p+1",FKKREWISKMYKSF-UHFFFAOYSA-O,N,Y,P,N,DOI:10.1021/acs.est.6b05843,
138,C12H16F13N2O2S,499.0719,"N,N,N-trimethyl-3-[(1,1,2,2,3,3,4,4,5,5,6,6,6-tridecafluorohexane-1-sulfonyl)amino]propan-1-aminium",C[N+](C)(C)CCCNS(=O)(=O)C(F)(F)C(F)(F)C(F)(F)C(F)(F)C(F)(F)C(F)(F)F,"InChI=1S/C12H16F13N2O2S/c1-27(2,3)6-4-5-26-30(28,29)12(24,25)10(19,20)8(15,16)7(13,14)9(17,18)11(21,22)23/h26H,4-6H2,1-3H3/q+1",OWBYGXNKMFLAMD-UHFFFAOYSA-N,N,Y,P,N,DOI:10.1021/acs.est.6b05843,
139,C13H18F9N2O6S,501.0736,"N-(carboxymethyl)-3-[(carboxymethyl)(1,1,2,2,3,3,4,4,4-nonafluorobutane-1-sulfonyl)amino]-N,N-dimethylpropan-1-aminium",C[N+](C)(CCCN(CC(=O)O)S(=O)(=O)C(F)(F)C(F)(F)C(F)(F)C(F)(F)F)CC(=O)O,"InChI=1S/C13H17F9N2O6S/c1-24(2,7-9(27)28)5-3-4-23(6-8(25)26)31(29,30)13(21,22)11(16,17)10(14,15)12(18,19)20/h3-7H2,1-2H3,(H-,25,26,27,28)/p+1",DGXSKNFQKVNKMH-UHFFFAOYSA-O,N,Y,P,N,DOI:10.1021/acs.est.6b05843,
140,C13H18F13N2O2S,513.0876,"3-[ethyl(1,1,2,2,3,3,4,4,5,5,6,6,6-tridecafluorohexane-1-sulfonyl)amino]-N,N-dimethylpropan-1-aminium",C[NH+](C)CCCN(CC)S(=O)(=O)C(F)(F)C(F)(F)C(F)(F)C(F)(F)C(F)(F)C(F)(F)F,"InChI=1S/C13H17F13N2O2S/c1-4-28(7-5-6-27(2)3)31(29,30)13(25,26)11(20,21)9(16,17)8(14,15)10(18,19)12(22,23)24/h4-7H2,1-3H3/p+1",JSLXYELSFPFGCK-UHFFFAOYSA-O,N,Y,P,N,DOI:10.1021/acs.est.6b05843,
141,C12H16F13N2O3S,515.0669,"N-(2-hydroxyethyl)-N-methyl-3-[(1,1,2,2,3,3,4,4,5,5,6,6,6-tridecafluorohexane-1-sulfonyl)amino]propan-1-aminium",C[NH+](CCCNS(=O)(=O)C(F)(F)C(F)(F)C(F)(F)C(F)(F)C(F)(F)C(F)(F)F)CCO,"InChI=1S/C12H15F13N2O3S/c1-27(5-6-28)4-2-3-26-31(29,30)12(24,25)10(19,20)8(15,16)7(13,14)9(17,18)11(21,22)23/h26,28H,2-6H2,1H3/p+1",MNLQKSMBNOBMNC-UHFFFAOYSA-O,N,Y,P,N,DOI:10.1021/acs.est.6b05843,
142,C12H14F13N2O4S,529.0461,"3-[carboxy(1,1,2,2,3,3,4,4,5,5,6,6,6-tridecafluorohexane-1-sulfonyl)amino]-N,N-dimethylpropan-1-aminium",C[NH+](C)CCCN(C(=O)O)S(=O)(=O)C(F)(F)C(F)(F)C(F)(F)C(F)(F)C(F)(F)C(F)(F)F,"InChI=1S/C12H13F13N2O4S/c1-26(2)4-3-5-27(6(28)29)32(30,31)12(24,25)10(19,20)8(15,16)7(13,14)9(17,18)11(21,22)23/h3-5H2,1-2H3,(H,28,29)/p+1",CNPWNQJZLXIDGI-UHFFFAOYSA-O,N,Y,P,N,DOI:10.1021/acs.est.6b05843,
143,C13H18F13N2O3S,529.0825,"N-(2-hydroxyethyl)-N,N-dimethyl-3-[(1,1,2,2,3,3,4,4,5,5,6,6,6-tridecafluorohexane-1-sulfonyl)amino]propan-1-aminium",C[N+](C)(CCCNS(=O)(=O)C(F)(F)C(F)(F)C(F)(F)C(F)(F)C(F)(F)C(F)(F)F)CCO,"InChI=1S/C13H18F13N2O3S/c1-28(2,6-7-29)5-3-4-27-32(30,31)13(25,26)11(20,21)9(16,17)8(14,15)10(18,19)12(22,23)24/h27,29H,3-7H2,1-2H3/q+1",IPCCWNWHJVOPTJ-UHFFFAOYSA-N,N,Y,P,N,DOI:10.1021/acs.est.6b05843,
144,C13H18F13N2O3S,529.0825,"3-[(2-hydroxyethyl)(1,1,2,2,3,3,4,4,5,5,6,6,6-tridecafluorohexane-1-sulfonyl)amino]-N,N-dimethylpropan-1-aminium",FC(F)(C(F)(F)C(F)(F)C(F)(F)C(F)(F)C(F)(F)F)S(=O)(=O)N(CCO)CCC[NH+](C)C,"InChI=1S/C13H17F13N2O3S/c1-27(2)4-3-5-28(6-7-29)32(30,31)13(25,26)11(20,21)9(16,17)8(14,15)10(18,19)12(22,23)24/h29H,3-7H2,1-2H3/p+1",JGQSPCGHMGGHQA-UHFFFAOYSA-O,N,Y,P,N,DOI:10.1021/acs.est.6b05843,
145,C13H16F13N2O4S,543.0618,"N-(carboxymethyl)-N,N-dimethyl-3-[(1,1,2,2,3,3,4,4,5,5,6,6,6-tridecafluorohexane-1-sulfonyl)amino]propan-1-aminium",C[N+](C)(CCCNS(=O)(=O)C(F)(F)C(F)(F)C(F)(F)C(F)(F)C(F)(F)C(F)(F)F)CC(=O)O,"InChI=1S/C13H15F13N2O4S/c1-28(2,6-7(29)30)5-3-4-27-33(31,32)13(25,26)11(20,21)9(16,17)8(14,15)10(18,19)12(22,23)24/h27H,3-6H2,1-2H3/p+1",SALFKFAUHVWLMP-UHFFFAOYSA-O,N,Y,P,N,DOI:10.1021/acs.est.6b05843,
146,C13H18F13N2O4S,545.0774,NA,FC(F)(C(F)(F)C(F)(F)C(F)(F)C(F)(F)C(F)(F)F)S(=O)(=O)NCC(O)C[N+](C)(C)CCO,"InChI=1S/C13H18F13N2O4S/c1-28(2,3-4-29)6-7(30)5-27-33(31,32)13(25,26)11(20,21)9(16,17)8(14,15)10(18,19)12(22,23)24/h7,27,29-30H,3-6H2,1-2H3/q+1",NEZVSQDIQCIHOO-UHFFFAOYSA-N,N,Y,P,N,DOI:10.1021/acs.est.6b05843,
147,C14H16F13N2O4S,555.0618,"3-[(2-carboxyethyl)(1,1,2,2,3,3,4,4,5,5,6,6,6-tridecafluorohexane-1-sulfonyl)amino]-N,N-dimethylpropan-1-iminium",OC(=O)CCN(CC\C=[N+](/C)C)S(=O)(=O)C(F)(F)C(F)(F)C(F)(F)C(F)(F)C(F)(F)C(F)(F)F,"InChI=1S/C14H15F13N2O4S/c1-28(2)5-3-6-29(7-4-8(30)31)34(32,33)14(26,27)12(21,22)10(17,18)9(15,16)11(19,20)13(23,24)25/h5H,3-4,6-7H2,1-2H3/p+1",NDGKDCANCOEEON-UHFFFAOYSA-O,N,Y,P,N,DOI:10.1021/acs.est.6b05843,
148,C16H22F13N2O3S,569.1138,NA,FC(F)(C(F)(F)C(F)(F)C(F)(F)C(F)(F)C(F)(F)F)S(=O)(=O)N(CCO)CCC[N+](C)(C)CC=C,"InChI=1S/C16H22F13N2O3S/c1-4-8-31(2,3)9-5-6-30(7-10-32)35(33,34)16(28,29)14(23,24)12(19,20)11(17,18)13(21,22)15(25,26)27/h4,32H,1,5-10H2,2-3H3/q+1",AEYZAGOYCCBWQK-UHFFFAOYSA-N,N,Y,P,N,DOI:10.1021/acs.est.6b05843,
149,C14H22F11N2O5S2,571.0789,NA,C[N+](C)(CCCS(=O)(=O)O)CCCN(C)S(=O)(=O)C(F)(F)C(F)(F)C(F)(F)C(F)(F)C(F)(F)F,"InChI=1S/C14H21F11N2O5S2/c1-26(6-4-7-27(2,3)8-5-9-33(28,29)30)34(31,32)14(24,25)12(19,20)10(15,16)11(17,18)13(21,22)23/h4-9H2,1-3H3/p+1",FLZXDOGZXYXNOM-UHFFFAOYSA-O,N,Y,P,N,DOI:10.1021/acs.est.6b05843,
150,C15H20F13N2O4S,571.0931,NA,C[N+](C)(C)CCCN(CCC(=O)O)S(=O)(=O)C(F)(F)C(F)(F)C(F)(F)C(F)(F)C(F)(F)C(F)(F)F,"InChI=1S/C15H19F13N2O4S/c1-30(2,3)8-4-6-29(7-5-9(31)32)35(33,34)15(27,28)13(22,23)11(18,19)10(16,17)12(20,21)14(24,25)26/h4-8H2,1-3H3/p+1",JUXSJDOYJDYZRI-UHFFFAOYSA-O,N,Y,P,N,DOI:10.1021/acs.est.6b05843,
151,C15H22F13N2O4S,573.1087,NA,FC(F)(C(F)(F)C(F)(F)C(F)(F)C(F)(F)C(F)(F)F)S(=O)(=O)N(CCO)CCC[N+](C)(C)CCO,"InChI=1S/C15H22F13N2O4S/c1-30(2,7-9-32)6-3-4-29(5-8-31)35(33,34)15(27,28)13(22,23)11(18,19)10(16,17)12(20,21)14(24,25)26/h31-32H,3-9H2,1-2H3/q+1",QWCSJPDFPIQWOG-UHFFFAOYSA-N,N,Y,P,N,DOI:10.1021/acs.est.6b05843,
152,C14H22F9N2O8S2,581.0668,NA,OC(C[N+](C)(C)CCCN(CC(=O)O)S(=O)(=O)C(F)(F)C(F)(F)C(F)(F)C(F)(F)F)CS(=O)(=O)O,"InChI=1S/C14H21F9N2O8S2/c1-25(2,7-9(26)8-34(29,30)31)5-3-4-24(6-10(27)28)35(32,33)14(22,23)12(17,18)11(15,16)13(19,20)21/h9,26H,3-8H2,1-2H3,(H-,27,28,29,30,31)/p+1",MSDRTNSYKMRDIE-UHFFFAOYSA-O,N,Y,P,N,DOI:10.1021/acs.est.6b05843,
153,C16H22F13N2O4S,585.1087,NA,C[N+](C)(CCCN(CC)S(=O)(=O)C(F)(F)C(F)(F)C(F)(F)C(F)(F)C(F)(F)C(F)(F)F)CCC(=O)O,"InChI=1S/C16H21F13N2O4S/c1-4-30(7-5-8-31(2,3)9-6-10(32)33)36(34,35)16(28,29)14(23,24)12(19,20)11(17,18)13(21,22)15(25,26)27/h4-9H2,1-3H3/p+1",HHYCXWVDFSFVAB-UHFFFAOYSA-O,N,Y,P,N,DOI:10.1021/acs.est.6b05843,
154,C13H18F13N2O5S2,593.0444,NA,CN(CCCS(=O)(=O)O)CCC[NH2+]S(=O)(=O)C(F)(F)C(F)(F)C(F)(F)C(F)(F)C(F)(F)C(F)(F)F,"InChI=1S/C13H17F13N2O5S2/c1-28(6-3-7-34(29,30)31)5-2-4-27-35(32,33)13(25,26)11(20,21)9(16,17)8(14,15)10(18,19)12(22,23)24/h27H,2-7H2,1H3,(H,29,30,31)/p+1",NVZKJWGGYRLQDE-UHFFFAOYSA-O,N,Y,P,N,DOI:10.1021/acs.est.6b05843,
155,C14H20F13N2O5S2,607.0601,NA,C[N+](C)(CCCNS(=O)(=O)C(F)(F)C(F)(F)C(F)(F)C(F)(F)C(F)(F)C(F)(F)F)CCC[S-](=O)(=O)=O,"InChI=1S/C14H19F13N2O5S2/c1-29(2,7-4-8-35(30,31)32)6-3-5-28-36(33,34)14(26,27)12(21,22)10(17,18)9(15,16)11(19,20)13(23,24)25/h28H,3-8H2,1-2H3/p+1",HQZMVHMXSNFQPY-UHFFFAOYSA-O,N,Y,P,N,DOI:10.1021/acs.est.6b05843,
156,C16H20F13N2O6S,615.0829,NA,C[N+](C)(CCCS(=O)(=O)O)CCCNS(=O)(=O)C(F)(F)C(F)(F)C(F)(F)C(F)(F)C(F)(F)C(F)(F)F,"InChI=1S/C16H19F13N2O6S/c1-31(2,8-10(34)35)7-3-5-30(6-4-9(32)33)38(36,37)16(28,29)14(23,24)12(19,20)11(17,18)13(21,22)15(25,26)27/h3-8H2,1-2H3,(H-,32,33,34,35)/p+1",CEGZDKRLHFJHPK-UHFFFAOYSA-O,N,Y,P,N,DOI:10.1021/acs.est.6b05843,
157,C14H20F13N2O6S2,623.055,NA,OC(C[N+](C)(C)CCCNS(=O)(=O)C(F)(F)C(F)(F)C(F)(F)C(F)(F)C(F)(F)C(F)(F)F)CS(=O)(=O)O,"InChI=1S/C14H19F13N2O6S2/c1-29(2,6-8(30)7-36(31,32)33)5-3-4-28-37(34,35)14(26,27)12(21,22)10(17,18)9(15,16)11(19,20)13(23,24)25/h8,28,30H,3-7H2,1-2H3/p+1",MEXQEENXUFLERY-UHFFFAOYSA-O,N,Y,P,N,DOI:10.1021/acs.est.6b05843,
158,C15H22F13N2O6S2,637.0706,NA,C[N+](CCCS(=O)(=O)O)(CCCNS(=O)(=O)C(F)(F)C(F)(F)C(F)(F)C(F)(F)C(F)(F)C(F)(F)F)CCO,"InChI=1S/C15H21F13N2O6S2/c1-30(7-8-31,6-3-9-37(32,33)34)5-2-4-29-38(35,36)15(27,28)13(22,23)11(18,19)10(16,17)12(20,21)14(24,25)26/h29,31H,2-9H2,1H3/p+1",PZPSGOXUBJAOCW-UHFFFAOYSA-O,N,Y,P,N,DOI:10.1021/acs.est.6b05843,
159,C16H24F13N2O6S2,651.0863,NA,C[N+](C)(CCCS(=O)(=O)O)CCCN(CCO)S(=O)(=O)C(F)(F)C(F)(F)C(F)(F)C(F)(F)C(F)(F)C(F)(F)F,"InChI=1S/C16H23F13N2O6S2/c1-31(2,8-4-10-38(33,34)35)7-3-5-30(6-9-32)39(36,37)16(28,29)14(23,24)12(19,20)11(17,18)13(21,22)15(25,26)27/h32H,3-10H2,1-2H3/p+1",OTGDECNCRNZRLC-UHFFFAOYSA-O,N,Y,P,N,DOI:10.1021/acs.est.6b05843,
160,C17H24F13N2O6S2,663.0863,NA,OC(CN(CCC[N+](C)(C)CC=C)S(=O)(=O)C(F)(F)C(F)(F)C(F)(F)C(F)(F)C(F)(F)C(F)(F)F)CS(=O)(=O)O,"InChI=1S/C17H23F13N2O6S2/c1-4-7-32(2,3)8-5-6-31(9-11(33)10-39(34,35)36)40(37,38)17(29,30)15(24,25)13(20,21)12(18,19)14(22,23)16(26,27)28/h4,11,33H,1,5-10H2,2-3H3/p+1",MYRFNVKMBDXJQS-UHFFFAOYSA-O,N,Y,P,N,DOI:10.1021/acs.est.6b05843,
161,C16H22F13N2O7S2,665.0655,NA,C[N+](C)(CCCS(=O)(=O)O)CCCN(CC(=O)O)S(=O)(=O)C(F)(F)C(F)(F)C(F)(F)C(F)(F)C(F)(F)C(F)(F)F,"InChI=1S/C16H21F13N2O7S2/c1-31(2,7-4-8-39(34,35)36)6-3-5-30(9-10(32)33)40(37,38)16(28,29)14(23,24)12(19,20)11(17,18)13(21,22)15(25,26)27/h3-9H2,1-2H3,(H-,32,33,34,35,36)/p+1",ULXXTBSQAWPGEP-UHFFFAOYSA-O,N,Y,P,N,DOI:10.1021/acs.est.6b05843,
162,C16H24F13N2O7S2,667.0812,NA,OC(C[N+](C)(C)CCCN(CCO)S(=O)(=O)C(F)(F)C(F)(F)C(F)(F)C(F)(F)C(F)(F)C(F)(F)F)CS(=O)(=O)O,"InChI=1S/C16H23F13N2O7S2/c1-31(2,8-10(33)9-39(34,35)36)6-3-4-30(5-7-32)40(37,38)16(28,29)14(23,24)12(19,20)11(17,18)13(21,22)15(25,26)27/h10,32-33H,3-9H2,1-2H3/p+1",CQCLWHUKRWZERH-UHFFFAOYSA-O,N,Y,P,N,DOI:10.1021/acs.est.6b05843,
163,C17H26F13N2O8S3,729.0638,NA,FC(F)(F)C(F)(F)C(F)(F)C(F)(F)C(F)(F)C(F)(F)S(=O)(=O)N(CCCS(=O)(=O)O)CCC[N+](C)(C)CCCS(=O)(=O)O,"InChI=1S/C17H25F13N2O8S3/c1-32(2,9-5-11-42(36,37)38)8-3-6-31(7-4-10-41(33,34)35)43(39,40)17(29,30)15(24,25)13(20,21)12(18,19)14(22,23)16(26,27)28/h3-11H2,1-2H3,(H-,33,34,35,36,37,38)/p+1",XJWXHAVPVAKYGX-UHFFFAOYSA-O,N,Y,P,N,DOI:10.1021/acs.est.6b05843,
164,C17H26F13N2O10S3,761.0537,NA,OC(CN(CCC[N+](C)(C)CC(O)CS(=O)(=O)O)S(=O)(=O)C(F)(F)C(F)(F)C(F)(F)C(F)(F)C(F)(F)C(F)(F)F)CS(=O)(=O)O,"InChI=1S/C17H25F13N2O10S3/c1-32(2,7-11(34)9-44(38,39)40)5-3-4-31(6-10(33)8-43(35,36)37)45(41,42)17(29,30)15(24,25)13(20,21)12(18,19)14(22,23)16(26,27)28/h10-11,33-34H,3-9H2,1-2H3,(H-,35,36,37,38,39,40)/p+1",HQILQIXAHVRCNF-UHFFFAOYSA-O,N,Y,P,N,DOI:10.1021/acs.est.6b05843,
